ISO-10303-21;
HEADER;
FILE_DESCRIPTION (( 'STEP AP214' ),
    '1' );
FILE_NAME ('B7B-ZR (LF)(SN).STEP',
    '2023-11-03T19:02:43',
    ( '' ),
    ( '' ),
    'SwSTEP 2.0',
    'SolidWorks 2021',
    '' );
FILE_SCHEMA (( 'AUTOMOTIVE_DESIGN' ));
ENDSEC;

DATA;
#1 = CARTESIAN_POINT ( 'NONE',  ( 9.000000000000001776, 4.500000000000000000, -1.750000000000000000 ) ) ;
#2 = EDGE_CURVE ( 'NONE', #1854, #892, #214, .T. ) ;
#3 = EDGE_LOOP ( 'NONE', ( #1857, #910, #1009, #3369 ) ) ;
#4 = ORIENTED_EDGE ( 'NONE', *, *, #2952, .F. ) ;
#5 = ORIENTED_EDGE ( 'NONE', *, *, #3063, .F. ) ;
#6 = EDGE_CURVE ( 'NONE', #1854, #806, #1873, .T. ) ;
#7 = CYLINDRICAL_SURFACE ( 'NONE', #331, 0.2500000000000000000 ) ;
#8 = ORIENTED_EDGE ( 'NONE', *, *, #11, .F. ) ;
#9 = LINE ( 'NONE', #1727, #423 ) ;
#10 = DIRECTION ( 'NONE',  ( 1.000000000000000000, -0.000000000000000000, -0.000000000000000000 ) ) ;
#11 = EDGE_CURVE ( 'NONE', #3124, #1492, #2664, .T. ) ;
#12 = ITEM_DEFINED_TRANSFORMATION ( 'NONE', 'NONE', #2583,  #913 ) ;
#13 = ORIENTED_EDGE ( 'NONE', *, *, #370, .T. ) ;
#14 = PLANE ( 'NONE',  #1635 ) ;
#15 = DIRECTION ( 'NONE',  ( 0.000000000000000000, 1.000000000000000000, 0.000000000000000000 ) ) ;
#16 = DIRECTION ( 'NONE',  ( 0.000000000000000000, 1.232047923278981706E-16, -1.000000000000000000 ) ) ;
#17 = AXIS2_PLACEMENT_3D ( 'NONE', #3136, #2561, #2584 ) ;
#18 = VERTEX_POINT ( 'NONE', #2721 ) ;
#19 = AXIS2_PLACEMENT_3D ( 'NONE', #2565, #2899, #1171 ) ;
#20 = CARTESIAN_POINT ( 'NONE',  ( 2.400000000000000355, 0.000000000000000000, -1.750000000000000000 ) ) ;
#21 = DIRECTION ( 'NONE',  ( -0.000000000000000000, -0.000000000000000000, 1.000000000000000000 ) ) ;
#22 = ORIENTED_EDGE ( 'NONE', *, *, #3495, .F. ) ;
#23 = ORIENTED_EDGE ( 'NONE', *, *, #1814, .T. ) ;
#24 = CIRCLE ( 'NONE', #1809, 0.7500000000000000000 ) ;
#25 = TOROIDAL_SURFACE ( 'NONE', #1582, 0.5000000000000000000, 0.2500000000000000000 ) ;
#26 = PLANE ( 'NONE',  #2058 ) ;
#27 = ORIENTED_EDGE ( 'NONE', *, *, #1293, .T. ) ;
#28 = EDGE_CURVE ( 'NONE', #3070, #395, #997, .T. ) ;
#29 = DIRECTION ( 'NONE',  ( 0.000000000000000000, 0.000000000000000000, -1.000000000000000000 ) ) ;
#30 = EDGE_CURVE ( 'NONE', #1355, #2727, #3352, .T. ) ;
#31 = VECTOR ( 'NONE', #1578, 1000.000000000000000 ) ;
#32 = ORIENTED_EDGE ( 'NONE', *, *, #1116, .T. ) ;
#33 = EDGE_CURVE ( 'NONE', #2331, #703, #1819, .T. ) ;
#34 = LINE ( 'NONE', #1731, #3162 ) ;
#35 = AXIS2_PLACEMENT_3D ( 'NONE', #1844, #3494, #3529 ) ;
#36 = CARTESIAN_POINT ( 'NONE',  ( -2.100000000000000089, 4.500000000000000000, 1.750000000000000000 ) ) ;
#37 = AXIS2_PLACEMENT_3D ( 'NONE', #2125, #1535, #201 ) ;
#38 = PRESENTATION_LAYER_ASSIGNMENT (  '', '', ( #217 ) ) ;
#39 = PLANE ( 'NONE',  #561 ) ;
#40 = DIRECTION ( 'NONE',  ( 0.000000000000000000, 3.614007241618347785E-16, -1.000000000000000000 ) ) ;
#41 = VERTEX_POINT ( 'NONE', #3037 ) ;
#42 = ORIENTED_EDGE ( 'NONE', *, *, #655, .T. ) ;
#43 = LINE ( 'NONE', #3446, #2999 ) ;
#44 = ORIENTED_EDGE ( 'NONE', *, *, #2379, .T. ) ;
#45 = DIRECTION ( 'NONE',  ( 0.000000000000000000, -1.000000000000000000, 0.000000000000000000 ) ) ;
#46 = CARTESIAN_POINT ( 'NONE',  ( 2.100000000000000089, 2.204364238465235083E-16, -1.750000000000000000 ) ) ;
#47 = CARTESIAN_POINT ( 'NONE',  ( 1.500000000000000000, -0.9000000000000000222, -0.2000000000000000111 ) ) ;
#48 = EDGE_CURVE ( 'NONE', #3394, #3244, #3458, .T. ) ;
#49 = VERTEX_POINT ( 'NONE', #1641 ) ;
#50 = DIRECTION ( 'NONE',  ( 0.000000000000000000, -1.000000000000000000, -8.673617379884039416E-16 ) ) ;
#51 = EDGE_CURVE ( 'NONE', #170, #18, #1044, .T. ) ;
#52 = CYLINDRICAL_SURFACE ( 'NONE', #1143, 0.2500000000000000000 ) ;
#53 = ORIENTED_EDGE ( 'NONE', *, *, #1644, .F. ) ;
#54 = DIRECTION ( 'NONE',  ( 0.000000000000000000, 0.000000000000000000, -1.000000000000000000 ) ) ;
#55 = ADVANCED_FACE ( 'NONE', ( #3572 ), #507, .F. ) ;
#56 = CARTESIAN_POINT ( 'NONE',  ( -2.499999999999999112, 2.700000000000000178, -1.349999999999999867 ) ) ;
#57 = ORIENTED_EDGE ( 'NONE', *, *, #3275, .F. ) ;
#58 = ORIENTED_EDGE ( 'NONE', *, *, #2834, .T. ) ;
#59 = DIRECTION ( 'NONE',  ( 0.000000000000000000, 0.000000000000000000, 1.000000000000000000 ) ) ;
#60 = LINE ( 'NONE', #3366, #317 ) ;
#61 = DIRECTION ( 'NONE',  ( 2.168404344971007882E-16, 1.000000000000000000, 0.000000000000000000 ) ) ;
#62 = PRODUCT_DEFINITION_SHAPE ( 'NONE', 'NONE',  #3614 ) ;
#63 = EDGE_LOOP ( 'NONE', ( #1014, #3160, #652, #2451 ) ) ;
#64 = LINE ( 'NONE', #3151, #1405 ) ;
#65 = ADVANCED_FACE ( 'NONE', ( #2172 ), #1064, .F. ) ;
#66 = SURFACE_STYLE_USAGE ( .BOTH. , #2547 ) ;
#67 = DIRECTION ( 'NONE',  ( -0.000000000000000000, -0.000000000000000000, 1.000000000000000000 ) ) ;
#68 = ORIENTED_EDGE ( 'NONE', *, *, #762, .F. ) ;
#69 = EDGE_CURVE ( 'NONE', #860, #927, #1409, .T. ) ;
#70 = EDGE_CURVE ( 'NONE', #329, #3305, #1350, .T. ) ;
#71 = CYLINDRICAL_SURFACE ( 'NONE', #2700, 0.2499999999999999445 ) ;
#72 = DIRECTION ( 'NONE',  ( 0.000000000000000000, -1.000000000000000000, 0.000000000000000000 ) ) ;
#73 = AXIS2_PLACEMENT_3D ( 'NONE', #222, #1376, #238 ) ;
#74 = CARTESIAN_POINT ( 'NONE',  ( -2.100000000000000089, 0.000000000000000000, -1.750000000000000000 ) ) ;
#75 = ORIENTED_EDGE ( 'NONE', *, *, #2916, .T. ) ;
#76 = EDGE_LOOP ( 'NONE', ( #1309, #620, #2638, #2533 ) ) ;
#77 = EDGE_CURVE ( 'NONE', #901, #429, #3225, .T. ) ;
#78 = AXIS2_PLACEMENT_3D ( 'NONE', #1762, #472, #2683 ) ;
#79 = DIRECTION ( 'NONE',  ( 0.000000000000000000, -1.000000000000000000, 0.000000000000000000 ) ) ;
#80 = ORIENTED_EDGE ( 'NONE', *, *, #453, .T. ) ;
#81 = AXIS2_PLACEMENT_3D ( 'NONE', #2774, #1622, #2736 ) ;
#82 = DIRECTION ( 'NONE',  ( -2.168404344971007882E-16, -1.000000000000000000, 0.000000000000000000 ) ) ;
#83 = AXIS2_PLACEMENT_3D ( 'NONE', #105, #2832, #908 ) ;
#84 = DIRECTION ( 'NONE',  ( 1.000000000000000000, -0.000000000000000000, -0.000000000000000000 ) ) ;
#85 = ORIENTED_EDGE ( 'NONE', *, *, #2001, .F. ) ;
#86 = CIRCLE ( 'NONE', #3475, 0.2500000000000002220 ) ;
#87 = CARTESIAN_POINT ( 'NONE',  ( 5.400000000000000355, 0.000000000000000000, -1.750000000000000000 ) ) ;
#88 = CIRCLE ( 'NONE', #2118, 0.2500000000000000000 ) ;
#89 =( NAMED_UNIT ( * ) PLANE_ANGLE_UNIT ( ) SI_UNIT ( $, .RADIAN. ) );
#90 = CARTESIAN_POINT ( 'NONE',  ( -2.999999999999999556, 1.100000000000000311, -1.750000000000000000 ) ) ;
#91 = CIRCLE ( 'NONE', #3479, 0.05000000000000002359 ) ;
#92 = CARTESIAN_POINT ( 'NONE',  ( 6.000000000000000000, 0.000000000000000000, -0.2000000000000001499 ) ) ;
#93 = ORIENTED_EDGE ( 'NONE', *, *, #1380, .T. ) ;
#94 = DIRECTION ( 'NONE',  ( 0.000000000000000000, 0.000000000000000000, -1.000000000000000000 ) ) ;
#95 = VECTOR ( 'NONE', #1034, 1000.000000000000000 ) ;
#96 =( NAMED_UNIT ( * ) PLANE_ANGLE_UNIT ( ) SI_UNIT ( $, .RADIAN. ) );
#97 = ORIENTED_EDGE ( 'NONE', *, *, #1432, .T. ) ;
#98 = PRODUCT_DEFINITION ( 'UNKNOWN', '', #2707, #1379 ) ;
#99 = EDGE_CURVE ( 'NONE', #2738, #429, #2685, .T. ) ;
#100 = VECTOR ( 'NONE', #3255, 1000.000000000000000 ) ;
#101 = CARTESIAN_POINT ( 'NONE',  ( 3.000000000000000444, 0.000000000000000000, -0.2000000000000001499 ) ) ;
#102 = ORIENTED_EDGE ( 'NONE', *, *, #859, .F. ) ;
#103 = CARTESIAN_POINT ( 'NONE',  ( -2.500000000000000444, 4.500000000000000000, 1.350000000000000089 ) ) ;
#104 = DIRECTION ( 'NONE',  ( 0.000000000000000000, -1.000000000000000000, -1.232047923278981706E-16 ) ) ;
#105 = CARTESIAN_POINT ( 'NONE',  ( 1.500000000000000000, 3.600000000000000089, -0.4000000000000000222 ) ) ;
#106 = APPLICATION_CONTEXT ( 'automotive_design' ) ;
#107 = ORIENTED_EDGE ( 'NONE', *, *, #1863, .F. ) ;
#108 = CARTESIAN_POINT ( 'NONE',  ( 1.500000000000000000, -1.425000000000000044, -0.05000000000000000278 ) ) ;
#109 =( NAMED_UNIT ( * ) PLANE_ANGLE_UNIT ( ) SI_UNIT ( $, .RADIAN. ) );
#110 = CARTESIAN_POINT ( 'NONE',  ( 3.900000000000000799, 0.000000000000000000, -1.750000000000000000 ) ) ;
#111 = EDGE_LOOP ( 'NONE', ( #738, #3338, #1723, #2500 ) ) ;
#112 = CARTESIAN_POINT ( 'NONE',  ( -2.999999999999999556, 4.299999999999999822, -0.7999999999999994893 ) ) ;
#113 = DIRECTION ( 'NONE',  ( 1.807003620809174878E-16, -1.000000000000000000, -0.000000000000000000 ) ) ;
#114 = ORIENTED_EDGE ( 'NONE', *, *, #2098, .T. ) ;
#115 = EDGE_CURVE ( 'NONE', #3394, #1479, #2077, .T. ) ;
#116 = VERTEX_POINT ( 'NONE', #824 ) ;
#117 = DIRECTION ( 'NONE',  ( -1.000000000000000000, -2.168404344971006896E-16, 0.000000000000000000 ) ) ;
#118 = ORIENTED_EDGE ( 'NONE', *, *, #627, .F. ) ;
#119 = CARTESIAN_POINT ( 'NONE',  ( -2.100000000000000089, 0.000000000000000000, -1.750000000000000000 ) ) ;
#120 = LINE ( 'NONE', #3398, #199 ) ;
#121 = DIRECTION ( 'NONE',  ( 0.000000000000000000, 0.000000000000000000, 1.000000000000000000 ) ) ;
#122 = ORIENTED_EDGE ( 'NONE', *, *, #1322, .T. ) ;
#123 = VERTEX_POINT ( 'NONE', #3082 ) ;
#124 = ADVANCED_FACE ( 'NONE', ( #3301 ), #844, .F. ) ;
#125 = DIRECTION ( 'NONE',  ( 1.000000000000000000, 0.000000000000000000, 0.000000000000000000 ) ) ;
#126 = CARTESIAN_POINT ( 'NONE',  ( 5.100000000000000533, 2.204364238465235083E-16, -1.750000000000000000 ) ) ;
#127 = CARTESIAN_POINT ( 'NONE',  ( 1.500000000000000000, -1.899999999999999911, -0.4500000000000000111 ) ) ;
#128 = CARTESIAN_POINT ( 'NONE',  ( 3.000000000000000444, 4.299999999999999822, -0.7999999999999994893 ) ) ;
#129 = AXIS2_PLACEMENT_3D ( 'NONE', #2773, #45, #29 ) ;
#130 = CARTESIAN_POINT ( 'NONE',  ( -1.499999999999999556, 1.399999999999999911, -0.7000000000000000666 ) ) ;
#131 = AXIS2_PLACEMENT_3D ( 'NONE', #3048, #2817, #637 ) ;
#132 = LINE ( 'NONE', #2433, #838 ) ;
#133 = DIRECTION ( 'NONE',  ( -0.000000000000000000, -1.000000000000000000, -0.000000000000000000 ) ) ;
#134 = AXIS2_PLACEMENT_3D ( 'NONE', #799, #1899, #526 ) ;
#135 = DIRECTION ( 'NONE',  ( 0.000000000000000000, -1.000000000000000000, -2.168404344971015179E-15 ) ) ;
#136 = ORIENTED_EDGE ( 'NONE', *, *, #2333, .F. ) ;
#137 = ORIENTED_EDGE ( 'NONE', *, *, #2763, .F. ) ;
#138 = ADVANCED_FACE ( 'NONE', ( #2795 ), #241, .F. ) ;
#139 = ADVANCED_FACE ( 'NONE', ( #1074 ), #1324, .F. ) ;
#140 = CIRCLE ( 'NONE', #2228, 0.2500000000000000000 ) ;
#141 = FILL_AREA_STYLE_COLOUR ( '', #2645 ) ;
#142 = CIRCLE ( 'NONE', #1249, 0.2499999999999999445 ) ;
#143 = CARTESIAN_POINT ( 'NONE',  ( 3.000000000000000444, 4.299999999999999822, -0.7999999999999994893 ) ) ;
#144 = ORIENTED_EDGE ( 'NONE', *, *, #1172, .F. ) ;
#145 = ADVANCED_FACE ( 'NONE', ( #2178 ), #3578, .T. ) ;
#146 = PLANE ( 'NONE',  #3049 ) ;
#147 = STYLED_ITEM ( 'NONE', ( #1738 ), #2377 ) ;
#148 = LINE ( 'NONE', #708, #100 ) ;
#149 = LINE ( 'NONE', #2321, #2937 ) ;
#150 = VERTEX_POINT ( 'NONE', #2498 ) ;
#151 = VECTOR ( 'NONE', #2517, 1000.000000000000000 ) ;
#152 = CARTESIAN_POINT ( 'NONE',  ( 0.000000000000000000, 0.000000000000000000, 0.000000000000000000 ) ) ;
#153 = ORIENTED_EDGE ( 'NONE', *, *, #77, .F. ) ;
#154 = DIRECTION ( 'NONE',  ( -0.000000000000000000, 0.000000000000000000, 1.000000000000000000 ) ) ;
#155 = VERTEX_POINT ( 'NONE', #2430 ) ;
#156 = AXIS2_PLACEMENT_3D ( 'NONE', #1699, #342, #1993 ) ;
#157 = DIRECTION ( 'NONE',  ( 0.000000000000000000, -1.000000000000000000, 0.000000000000000000 ) ) ;
#158 = VECTOR ( 'NONE', #1128, 1000.000000000000000 ) ;
#159 = CARTESIAN_POINT ( 'NONE',  ( 1.500000000000000000, -1.375000000000000000, -0.8000000000000000444 ) ) ;
#160 = EDGE_LOOP ( 'NONE', ( #22, #42, #3229, #3405 ) ) ;
#161 = VERTEX_POINT ( 'NONE', #3599 ) ;
#162 = ADVANCED_FACE ( 'NONE', ( #1091 ), #2740, .T. ) ;
#163 =( LENGTH_UNIT ( ) NAMED_UNIT ( * ) SI_UNIT ( .MILLI., .METRE. ) );
#164 = CARTESIAN_POINT ( 'NONE',  ( 4.500000000000000888, 1.399999999999999911, -0.2000000000000001499 ) ) ;
#165 = ORIENTED_EDGE ( 'NONE', *, *, #2763, .T. ) ;
#166 = DIRECTION ( 'NONE',  ( 0.000000000000000000, -0.000000000000000000, -1.000000000000000000 ) ) ;
#167 = EDGE_CURVE ( 'NONE', #679, #1984, #2722, .T. ) ;
#168 = ORIENTED_EDGE ( 'NONE', *, *, #3365, .T. ) ;
#169 = CARTESIAN_POINT ( 'NONE',  ( 1.500000000000000000, -2.700000000000000178, -0.4500000000000000111 ) ) ;
#170 = VERTEX_POINT ( 'NONE', #1913 ) ;
#171 = ADVANCED_FACE ( 'NONE', ( #1646, #1587 ), #1952, .F. ) ;
#172 = DIRECTION ( 'NONE',  ( 0.000000000000000000, 1.232047923278981706E-16, -1.000000000000000000 ) ) ;
#173 = VERTEX_POINT ( 'NONE', #2761 ) ;
#174 = ORIENTED_EDGE ( 'NONE', *, *, #2564, .F. ) ;
#175 = CARTESIAN_POINT ( 'NONE',  ( 7.799999999999999822, 2.700000000000000178, -1.750000000000000000 ) ) ;
#176 = DIRECTION ( 'NONE',  ( 0.000000000000000000, -1.000000000000000000, -1.232047923278981706E-16 ) ) ;
#177 = VERTEX_POINT ( 'NONE', #801 ) ;
#178 = ORIENTED_EDGE ( 'NONE', *, *, #627, .T. ) ;
#179 = CARTESIAN_POINT ( 'NONE',  ( 8.500000000000000000, 3.374999999999990230, -0.9250000000000039302 ) ) ;
#180 = DIRECTION ( 'NONE',  ( 0.000000000000000000, 0.000000000000000000, 1.000000000000000000 ) ) ;
#181 = EDGE_LOOP ( 'NONE', ( #1775, #2801, #3166, #3226 ) ) ;
#182 = DIRECTION ( 'NONE',  ( -0.000000000000000000, -1.000000000000000000, -0.000000000000000000 ) ) ;
#183 = ORIENTED_EDGE ( 'NONE', *, *, #2856, .F. ) ;
#184 = EDGE_CURVE ( 'NONE', #1643, #2569, #3372, .T. ) ;
#185 = FACE_BOUND ( 'NONE', #2236, .T. ) ;
#186 = CARTESIAN_POINT ( 'NONE',  ( 8.250000000000000000, 1.099999999999999867, -1.350000000000000089 ) ) ;
#187 = CARTESIAN_POINT ( 'NONE',  ( 1.500000000000000000, -1.679025666718354959, -0.2332920092319805128 ) ) ;
#188 = EDGE_CURVE ( 'NONE', #3264, #1786, #1571, .T. ) ;
#189 = DIRECTION ( 'NONE',  ( -1.000000000000000000, -0.000000000000000000, -0.000000000000000000 ) ) ;
#190 = PLANE ( 'NONE',  #2934 ) ;
#191 = FACE_OUTER_BOUND ( 'NONE', #1967, .T. ) ;
#192 = DIRECTION ( 'NONE',  ( -1.807003620809174878E-16, 1.000000000000000000, 0.000000000000000000 ) ) ;
#193 = VECTOR ( 'NONE', #1581, 1000.000000000000114 ) ;
#194 = EDGE_LOOP ( 'NONE', ( #3467, #383, #3567, #3265 ) ) ;
#195 = AXIS2_PLACEMENT_3D ( 'NONE', #3059, #2829, #349 ) ;
#196 = CARTESIAN_POINT ( 'NONE',  ( 0.000000000000000000, 0.000000000000000000, 0.000000000000000000 ) ) ;
#197 = DIRECTION ( 'NONE',  ( 0.000000000000000000, 1.000000000000000000, 0.000000000000000000 ) ) ;
#198 = ORIENTED_EDGE ( 'NONE', *, *, #1426, .T. ) ;
#199 = VECTOR ( 'NONE', #1228, 1000.000000000000000 ) ;
#200 = AXIS2_PLACEMENT_3D ( 'NONE', #3486, #2692, #2081 ) ;
#201 = DIRECTION ( 'NONE',  ( 0.000000000000000000, 0.000000000000000000, 1.000000000000000000 ) ) ;
#202 = CARTESIAN_POINT ( 'NONE',  ( 1.500000000000000000, 3.600000000000000089, -0.4500000000000000111 ) ) ;
#203 = ORIENTED_EDGE ( 'NONE', *, *, #2210, .F. ) ;
#204 = AXIS2_PLACEMENT_3D ( 'NONE', #348, #1443, #361 ) ;
#205 = CARTESIAN_POINT ( 'NONE',  ( 1.500000000000000000, -1.899999999999999911, -0.2000000000000000111 ) ) ;
#206 = CARTESIAN_POINT ( 'NONE',  ( 3.900000000000000799, 0.000000000000000000, -1.750000000000000000 ) ) ;
#207 = EDGE_CURVE ( 'NONE', #2331, #2759, #1900, .T. ) ;
#208 = ADVANCED_FACE ( 'NONE', ( #862 ), #14, .F. ) ;
#209 = CARTESIAN_POINT ( 'NONE',  ( 2.499999999999999556, 1.099999999999999867, 0.2999999999999990452 ) ) ;
#210 = AXIS2_PLACEMENT_3D ( 'NONE', #2215, #1055, #2765 ) ;
#211 = DIRECTION ( 'NONE',  ( 0.000000000000000000, 0.2946324443755298783, -0.9556106543573592571 ) ) ;
#212 = ADVANCED_FACE ( 'NONE', ( #256 ), #1052, .F. ) ;
#213 = CARTESIAN_POINT ( 'NONE',  ( 6.899999999999999467, 0.000000000000000000, 1.750000000000000000 ) ) ;
#214 = LINE ( 'NONE', #2421, #1232 ) ;
#215 = AXIS2_PLACEMENT_3D ( 'NONE', #2625, #1828, #1788 ) ;
#216 = ORIENTED_EDGE ( 'NONE', *, *, #745, .F. ) ;
#217 = STYLED_ITEM ( 'NONE', ( #3441 ), #1929 ) ;
#218 = ORIENTED_EDGE ( 'NONE', *, *, #2798, .F. ) ;
#219 = ITEM_DEFINED_TRANSFORMATION ( 'NONE', 'NONE', #2414,  #913 ) ;
#220 = LINE ( 'NONE', #817, #950 ) ;
#221 = CARTESIAN_POINT ( 'NONE',  ( -2.999999999999999556, 4.500000000000000000, -1.750000000000000000 ) ) ;
#222 = CARTESIAN_POINT ( 'NONE',  ( 1.500000000000000000, -2.700000000000000178, -0.4500000000000000111 ) ) ;
#223 = DIRECTION ( 'NONE',  ( 1.000000000000000000, 1.508823545639749896E-32, 0.000000000000000000 ) ) ;
#224 = FACE_OUTER_BOUND ( 'NONE', #846, .T. ) ;
#225 = DIRECTION ( 'NONE',  ( 1.000000000000000000, -0.000000000000000000, -0.000000000000000000 ) ) ;
#226 = DIRECTION ( 'NONE',  ( -0.000000000000000000, -0.000000000000000000, 1.000000000000000000 ) ) ;
#227 = ORIENTED_EDGE ( 'NONE', *, *, #2370, .F. ) ;
#228 = DIRECTION ( 'NONE',  ( 0.000000000000000000, 0.000000000000000000, 1.000000000000000000 ) ) ;
#229 = DIRECTION ( 'NONE',  ( 0.000000000000000000, -1.000000000000000000, -3.614007241618347785E-16 ) ) ;
#230 = EDGE_CURVE ( 'NONE', #3596, #2842, #2158, .T. ) ;
#231 = DIRECTION ( 'NONE',  ( 0.000000000000000000, 0.000000000000000000, -1.000000000000000000 ) ) ;
#232 = DIRECTION ( 'NONE',  ( 0.000000000000000000, 0.000000000000000000, 1.000000000000000000 ) ) ;
#233 = ORIENTED_EDGE ( 'NONE', *, *, #3145, .F. ) ;
#234 = DIRECTION ( 'NONE',  ( 0.000000000000000000, -1.000000000000000000, 0.000000000000000000 ) ) ;
#235 = CARTESIAN_POINT ( 'NONE',  ( 6.599999999999999645, 2.204364238465235083E-16, -1.750000000000000000 ) ) ;
#236 = CARTESIAN_POINT ( 'NONE',  ( 1.500000000000000000, -2.500000000000000000, -0.4500000000000000111 ) ) ;
#237 = EDGE_CURVE ( 'NONE', #3596, #834, #1880, .T. ) ;
#238 = DIRECTION ( 'NONE',  ( 0.000000000000000000, 0.000000000000000000, -1.000000000000000000 ) ) ;
#239 = CARTESIAN_POINT ( 'NONE',  ( 5.400000000000000355, 0.1499999999999999944, -1.750000000000000000 ) ) ;
#240 = DIRECTION ( 'NONE',  ( 0.000000000000000000, 0.000000000000000000, 1.000000000000000000 ) ) ;
#241 = CYLINDRICAL_SURFACE ( 'NONE', #1462, 0.2499999999999999445 ) ;
#242 = FACE_BOUND ( 'NONE', #2805, .T. ) ;
#243 = EDGE_LOOP ( 'NONE', ( #233, #1179, #3400, #2336 ) ) ;
#244 = DIRECTION ( 'NONE',  ( 1.000000000000000000, 0.000000000000000000, 0.000000000000000000 ) ) ;
#245 = ORIENTED_EDGE ( 'NONE', *, *, #566, .T. ) ;
#246 = VERTEX_POINT ( 'NONE', #1931 ) ;
#247 = CARTESIAN_POINT ( 'NONE',  ( -2.500000000000000444, 3.100000000000000533, -2.529805069132843844E-16 ) ) ;
#248 = ORIENTED_EDGE ( 'NONE', *, *, #3492, .T. ) ;
#249 = DIRECTION ( 'NONE',  ( 0.000000000000000000, 0.000000000000000000, 1.000000000000000000 ) ) ;
#250 = VECTOR ( 'NONE', #3116, 1000.000000000000000 ) ;
#251 = ORIENTED_EDGE ( 'NONE', *, *, #2424, .T. ) ;
#252 = ADVANCED_FACE ( 'NONE', ( #512 ), #3575, .T. ) ;
#253 = EDGE_CURVE ( 'NONE', #3251, #2912, #656, .T. ) ;
#254 = FACE_OUTER_BOUND ( 'NONE', #3330, .T. ) ;
#255 = CIRCLE ( 'NONE', #3577, 0.05000000000000002359 ) ;
#256 = FACE_OUTER_BOUND ( 'NONE', #3540, .T. ) ;
#257 = DIRECTION ( 'NONE',  ( 0.000000000000000000, -0.9556106543573592571, -0.2946324443755300448 ) ) ;
#258 = EDGE_CURVE ( 'NONE', #2261, #266, #1663, .T. ) ;
#259 = AXIS2_PLACEMENT_3D ( 'NONE', #1242, #2131, #459 ) ;
#260 = DIRECTION ( 'NONE',  ( 0.000000000000000000, 0.000000000000000000, -1.000000000000000000 ) ) ;
#261 = UNCERTAINTY_MEASURE_WITH_UNIT (LENGTH_MEASURE( 1.000000000000000082E-05 ), #3424, 'distance_accuracy_value', 'NONE');
#262 = VECTOR ( 'NONE', #1004, 1000.000000000000000 ) ;
#263 = PLANE ( 'NONE',  #1888 ) ;
#264 = EDGE_LOOP ( 'NONE', ( #198, #3499, #2068, #107 ) ) ;
#265 = DIRECTION ( 'NONE',  ( 0.000000000000000000, 1.000000000000000000, 1.807003620809173892E-16 ) ) ;
#266 = VERTEX_POINT ( 'NONE', #2011 ) ;
#267 = CARTESIAN_POINT ( 'NONE',  ( 1.500000000000000000, 3.799999999999999822, -0.4500000000000000111 ) ) ;
#268 = AXIS2_PLACEMENT_3D ( 'NONE', #1796, #1833, #2920 ) ;
#269 = CARTESIAN_POINT ( 'NONE',  ( 8.250000000000000000, 2.700000000000000178, -1.750000000000000000 ) ) ;
#270 = CARTESIAN_POINT ( 'NONE',  ( 2.100000000000000089, 4.500000000000000000, 1.750000000000000000 ) ) ;
#271 = VERTEX_POINT ( 'NONE', #1165 ) ;
#272 = VERTEX_POINT ( 'NONE', #3077 ) ;
#273 = TOROIDAL_SURFACE ( 'NONE', #1940, 0.5000000000000000000, 0.2500000000000000000 ) ;
#274 = CARTESIAN_POINT ( 'NONE',  ( 2.100000000000000089, 0.1500000000000002165, -1.750000000000000000 ) ) ;
#275 = VECTOR ( 'NONE', #2202, 1000.000000000000000 ) ;
#276 = ORIENTED_EDGE ( 'NONE', *, *, #2925, .F. ) ;
#277 = ITEM_DEFINED_TRANSFORMATION ( 'NONE', 'NONE', #622,  #913 ) ;
#278 = DIRECTION ( 'NONE',  ( 0.000000000000000000, 0.000000000000000000, -1.000000000000000000 ) ) ;
#279 = CARTESIAN_POINT ( 'NONE',  ( -1.499999999999999556, 0.1500000000000001055, -0.4500000000000001221 ) ) ;
#280 = CARTESIAN_POINT ( 'NONE',  ( 1.500000000000000000, -0.9000000000000000222, -0.9499999999999999556 ) ) ;
#281 = EDGE_CURVE ( 'NONE', #691, #2738, #2102, .T. ) ;
#282 = DIRECTION ( 'NONE',  ( 0.000000000000000000, 0.000000000000000000, 1.000000000000000000 ) ) ;
#283 = DIRECTION ( 'NONE',  ( 0.000000000000000000, 1.000000000000000000, 0.000000000000000000 ) ) ;
#284 = DIRECTION ( 'NONE',  ( -1.807003620809174878E-16, 1.000000000000000000, 0.000000000000000000 ) ) ;
#285 = EDGE_CURVE ( 'NONE', #2650, #1492, #1449, .T. ) ;
#286 = FACE_OUTER_BOUND ( 'NONE', #462, .T. ) ;
#287 = CARTESIAN_POINT ( 'NONE',  ( -2.500000000000000444, 4.500000000000000000, 1.350000000000000089 ) ) ;
#288 = ORIENTED_EDGE ( 'NONE', *, *, #939, .T. ) ;
#289 = EDGE_CURVE ( 'NONE', #703, #3394, #64, .T. ) ;
#290 = CARTESIAN_POINT ( 'NONE',  ( -2.999999999999999556, 3.100000000000000089, -0.7999999999999999334 ) ) ;
#291 = CARTESIAN_POINT ( 'NONE',  ( 3.600000000000000089, 2.204364238465235083E-16, -1.750000000000000000 ) ) ;
#292 = EDGE_LOOP ( 'NONE', ( #2037, #1469, #1835, #798 ) ) ;
#293 = PLANE ( 'NONE',  #1296 ) ;
#294 = LINE ( 'NONE', #1373, #2168 ) ;
#295 = ORIENTED_EDGE ( 'NONE', *, *, #1568, .F. ) ;
#296 = APPLICATION_PROTOCOL_DEFINITION ( 'draft international standard', 'automotive_design', 1998, #2286 ) ;
#297 = ORIENTED_EDGE ( 'NONE', *, *, #2001, .T. ) ;
#298 = DIRECTION ( 'NONE',  ( 0.000000000000000000, -1.000000000000000000, -0.000000000000000000 ) ) ;
#299 = CARTESIAN_POINT ( 'NONE',  ( -2.999999999999999556, 0.000000000000000000, -1.750000000000000000 ) ) ;
#300 = DIRECTION ( 'NONE',  ( 0.000000000000000000, -0.000000000000000000, 1.000000000000000000 ) ) ;
#301 = UNCERTAINTY_MEASURE_WITH_UNIT (LENGTH_MEASURE( 1.000000000000000082E-05 ), #1901, 'distance_accuracy_value', 'NONE');
#302 = CARTESIAN_POINT ( 'NONE',  ( 8.500000000000000000, 4.299999999999999822, 3.252606517456513302E-16 ) ) ;
#303 = FACE_OUTER_BOUND ( 'NONE', #1741, .T. ) ;
#304 = CARTESIAN_POINT ( 'NONE',  ( 6.000000000000000000, 0.000000000000000000, -0.4500000000000001221 ) ) ;
#305 = ORIENTED_EDGE ( 'NONE', *, *, #980, .T. ) ;
#306 = ADVANCED_FACE ( 'NONE', ( #3402 ), #1674, .F. ) ;
#307 = EDGE_LOOP ( 'NONE', ( #2851, #712 ) ) ;
#308 = DIRECTION ( 'NONE',  ( 0.000000000000000000, -1.000000000000000000, 0.000000000000000000 ) ) ;
#309 = DIRECTION ( 'NONE',  ( 1.000000000000000000, -0.000000000000000000, -0.000000000000000000 ) ) ;
#310 = ADVANCED_FACE ( 'NONE', ( #574 ), #998, .T. ) ;
#311 = FACE_BOUND ( 'NONE', #3246, .T. ) ;
#312 = FILL_AREA_STYLE ('',( #2715 ) ) ;
#313 = CYLINDRICAL_SURFACE ( 'NONE', #314, 0.2500000000000000000 ) ;
#314 = AXIS2_PLACEMENT_3D ( 'NONE', #2252, #50, #355 ) ;
#315 = PLANE ( 'NONE',  #337 ) ;
#316 = ORIENTED_EDGE ( 'NONE', *, *, #1792, .T. ) ;
#317 = VECTOR ( 'NONE', #1144, 1000.000000000000000 ) ;
#318 = VECTOR ( 'NONE', #2698, 1000.000000000000000 ) ;
#319 = DIRECTION ( 'NONE',  ( 0.000000000000000000, 0.7071067811865497932, -0.7071067811865452413 ) ) ;
#320 = CARTESIAN_POINT ( 'NONE',  ( -0.5999999999999998668, 4.500000000000000000, 1.750000000000000000 ) ) ;
#321 = CARTESIAN_POINT ( 'NONE',  ( -2.999999999999999556, 4.299999999999999822, 0.000000000000000000 ) ) ;
#322 = ORIENTED_EDGE ( 'NONE', *, *, #1995, .T. ) ;
#323 = VERTEX_POINT ( 'NONE', #1986 ) ;
#324 = VECTOR ( 'NONE', #2049, 999.9999999999998863 ) ;
#325 = EDGE_CURVE ( 'NONE', #18, #2944, #1980, .T. ) ;
#326 = EDGE_CURVE ( 'NONE', #3102, #173, #1220, .T. ) ;
#327 = VECTOR ( 'NONE', #135, 1000.000000000000000 ) ;
#328 = FACE_OUTER_BOUND ( 'NONE', #160, .T. ) ;
#329 = VERTEX_POINT ( 'NONE', #87 ) ;
#330 = DIRECTION ( 'NONE',  ( 0.000000000000000000, -1.000000000000000000, -8.673617379884039416E-16 ) ) ;
#331 = AXIS2_PLACEMENT_3D ( 'NONE', #1118, #2223, #852 ) ;
#332 = EDGE_CURVE ( 'NONE', #1492, #2299, #633, .T. ) ;
#333 = LINE ( 'NONE', #922, #378 ) ;
#334 = VECTOR ( 'NONE', #265, 1000.000000000000000 ) ;
#335 = ORIENTED_EDGE ( 'NONE', *, *, #2137, .T. ) ;
#336 = DIRECTION ( 'NONE',  ( 0.000000000000000000, 0.2946324443755298783, -0.9556106543573592571 ) ) ;
#337 = AXIS2_PLACEMENT_3D ( 'NONE', #3080, #2514, #3404 ) ;
#338 = FILL_AREA_STYLE_COLOUR ( '', #969 ) ;
#339 = CARTESIAN_POINT ( 'NONE',  ( 1.500000000000000000, -1.572316222187764900, -0.5278053271786800060 ) ) ;
#340 = AXIS2_PLACEMENT_3D ( 'NONE', #1830, #3237, #1595 ) ;
#341 = AXIS2_PLACEMENT_3D ( 'NONE', #1610, #257, #1933 ) ;
#342 = DIRECTION ( 'NONE',  ( 0.000000000000000000, -1.000000000000000000, -1.232047923278981706E-16 ) ) ;
#343 = DIRECTION ( 'NONE',  ( -0.000000000000000000, 1.000000000000000000, -0.000000000000000000 ) ) ;
#344 = DIRECTION ( 'NONE',  ( 0.000000000000000000, -1.000000000000000000, -1.232047923278981706E-16 ) ) ;
#345 = ORIENTED_EDGE ( 'NONE', *, *, #3299, .F. ) ;
#346 = ORIENTED_EDGE ( 'NONE', *, *, #2250, .T. ) ;
#347 = VERTEX_POINT ( 'NONE', #3454 ) ;
#348 = CARTESIAN_POINT ( 'NONE',  ( 1.500000000000000000, -1.899999999999999911, -0.9499999999999999556 ) ) ;
#349 = DIRECTION ( 'NONE',  ( 0.000000000000000000, 0.000000000000000000, 1.000000000000000000 ) ) ;
#350 = DIRECTION ( 'NONE',  ( -1.000000000000000000, -0.000000000000000000, -0.000000000000000000 ) ) ;
#351 = FACE_OUTER_BOUND ( 'NONE', #871, .T. ) ;
#352 = ORIENTED_EDGE ( 'NONE', *, *, #424, .F. ) ;
#353 = EDGE_LOOP ( 'NONE', ( #168, #808, #2542, #144 ) ) ;
#354 = ADVANCED_FACE ( 'NONE', ( #3095 ), #3520, .T. ) ;
#355 = DIRECTION ( 'NONE',  ( 0.000000000000000000, 8.673617379884035472E-16, -1.000000000000000000 ) ) ;
#356 = DIRECTION ( 'NONE',  ( 0.000000000000000000, -0.9556106543573590351, 0.2946324443755304889 ) ) ;
#357 = ADVANCED_FACE ( 'NONE', ( #2791 ), #313, .T. ) ;
#358 = CARTESIAN_POINT ( 'NONE',  ( 1.500000000000000000, -2.500000000000000000, -0.4500000000000000111 ) ) ;
#359 = CARTESIAN_POINT ( 'NONE',  ( 1.500000000000000000, -2.700000000000000178, -0.4500000000000000111 ) ) ;
#360 = VERTEX_POINT ( 'NONE', #1480 ) ;
#361 = DIRECTION ( 'NONE',  ( 0.000000000000000000, 0.000000000000000000, -1.000000000000000000 ) ) ;
#362 = VERTEX_POINT ( 'NONE', #2290 ) ;
#363 = FACE_OUTER_BOUND ( 'NONE', #1260, .T. ) ;
#364 = DIRECTION ( 'NONE',  ( -1.000000000000000000, -6.195440985631454331E-16, 0.000000000000000000 ) ) ;
#365 = CARTESIAN_POINT ( 'NONE',  ( 1.500000000000000000, -1.120974333281645974, -0.2332920092319805128 ) ) ;
#366 = EDGE_LOOP ( 'NONE', ( #1767, #2868, #483, #2401 ) ) ;
#367 = ORIENTED_EDGE ( 'NONE', *, *, #2393, .T. ) ;
#368 = CARTESIAN_POINT ( 'NONE',  ( 4.336808689942017736E-16, 0.000000000000000000, 1.750000000000000000 ) ) ;
#369 = EDGE_CURVE ( 'NONE', #2004, #2055, #1694, .T. ) ;
#370 = EDGE_CURVE ( 'NONE', #428, #3347, #2513, .T. ) ;
#371 = PLANE ( 'NONE',  #2000 ) ;
#372 = ORIENTED_EDGE ( 'NONE', *, *, #3062, .T. ) ;
#373 = CARTESIAN_POINT ( 'NONE',  ( 3.900000000000000799, 0.000000000000000000, 1.750000000000000000 ) ) ;
#374 = VECTOR ( 'NONE', #2701, 1000.000000000000000 ) ;
#375 = DIRECTION ( 'NONE',  ( 0.000000000000000000, 1.232047923278981706E-16, -1.000000000000000000 ) ) ;
#376 = VECTOR ( 'NONE', #3163, 1000.000000000000000 ) ;
#377 = CARTESIAN_POINT ( 'NONE',  ( 3.900000000000000799, 0.1499999999999999944, 1.750000000000000000 ) ) ;
#378 = VECTOR ( 'NONE', #907, 1000.000000000000000 ) ;
#379 = DIRECTION ( 'NONE',  ( -0.000000000000000000, -1.000000000000000000, -0.000000000000000000 ) ) ;
#380 = AXIS2_PLACEMENT_3D ( 'NONE', #2909, #1521, #2959 ) ;
#381 = DIRECTION ( 'NONE',  ( 0.000000000000000000, 0.9556106543573590351, -0.2946324443755309885 ) ) ;
#382 = ORIENTED_EDGE ( 'NONE', *, *, #207, .F. ) ;
#383 = ORIENTED_EDGE ( 'NONE', *, *, #1886, .T. ) ;
#384 = VECTOR ( 'NONE', #2059, 1000.000000000000000 ) ;
#385 = CYLINDRICAL_SURFACE ( 'NONE', #17, 0.2499999999999999445 ) ;
#386 = CIRCLE ( 'NONE', #959, 0.2500000000000000555 ) ;
#387 =( LENGTH_UNIT ( ) NAMED_UNIT ( * ) SI_UNIT ( .MILLI., .METRE. ) );
#388 = CARTESIAN_POINT ( 'NONE',  ( -2.999999999999999556, 0.000000000000000000, -1.750000000000000000 ) ) ;
#389 = ORIENTED_EDGE ( 'NONE', *, *, #453, .F. ) ;
#390 = EDGE_CURVE ( 'NONE', #3102, #2312, #34, .T. ) ;
#391 = AXIS2_PLACEMENT_3D ( 'NONE', #890, #1989, #636 ) ;
#392 = LINE ( 'NONE', #2535, #2888 ) ;
#393 = ORIENTED_EDGE ( 'NONE', *, *, #2834, .F. ) ;
#394 = DIRECTION ( 'NONE',  ( 0.000000000000000000, -0.000000000000000000, -1.000000000000000000 ) ) ;
#395 = VERTEX_POINT ( 'NONE', #611 ) ;
#396 = ADVANCED_FACE ( 'NONE', ( #3422 ), #385, .F. ) ;
#397 = LINE ( 'NONE', #2060, #2104 ) ;
#398 = FACE_OUTER_BOUND ( 'NONE', #1203, .T. ) ;
#399 = ORIENTED_EDGE ( 'NONE', *, *, #3253, .F. ) ;
#400 = ORIENTED_EDGE ( 'NONE', *, *, #28, .F. ) ;
#401 = LINE ( 'NONE', #1768, #943 ) ;
#402 = PLANE ( 'NONE',  #3522 ) ;
#403 = CARTESIAN_POINT ( 'NONE',  ( -2.500000000000000444, 4.500000000000000000, 1.350000000000000089 ) ) ;
#404 = FACE_OUTER_BOUND ( 'NONE', #653, .T. ) ;
#405 = DIRECTION ( 'NONE',  ( 0.000000000000000000, 0.000000000000000000, 1.000000000000000000 ) ) ;
#406 = EDGE_CURVE ( 'NONE', #3347, #2117, #3170, .T. ) ;
#407 = EDGE_CURVE ( 'NONE', #3244, #3607, #401, .T. ) ;
#408 = CARTESIAN_POINT ( 'NONE',  ( -0.9000000000000002442, 4.500000000000000000, 1.750000000000000000 ) ) ;
#409 = DIRECTION ( 'NONE',  ( 0.000000000000000000, -1.000000000000000000, -5.421010862427520198E-16 ) ) ;
#410 = DIRECTION ( 'NONE',  ( -0.000000000000000000, -0.000000000000000000, 1.000000000000000000 ) ) ;
#411 = EDGE_CURVE ( 'NONE', #749, #1850, #479, .T. ) ;
#412 = EDGE_LOOP ( 'NONE', ( #1306, #2660, #2567, #8 ) ) ;
#413 = ORIENTED_EDGE ( 'NONE', *, *, #1465, .T. ) ;
#414 = EDGE_LOOP ( 'NONE', ( #183, #1580, #2996, #532 ) ) ;
#415 = DIRECTION ( 'NONE',  ( 0.000000000000000000, 0.000000000000000000, 1.000000000000000000 ) ) ;
#416 = LINE ( 'NONE', #1823, #3463 ) ;
#417 = ORIENTED_EDGE ( 'NONE', *, *, #1192, .T. ) ;
#418 = DIRECTION ( 'NONE',  ( 0.000000000000000000, 0.000000000000000000, -1.000000000000000000 ) ) ;
#419 = VECTOR ( 'NONE', #3230, 1000.000000000000000 ) ;
#420 = AXIS2_PLACEMENT_3D ( 'NONE', #2835, #2812, #924 ) ;
#421 = CARTESIAN_POINT ( 'NONE',  ( 4.500000000000000888, 0.000000000000000000, -0.4500000000000001221 ) ) ;
#422 = DIRECTION ( 'NONE',  ( 0.000000000000000000, 0.7071067811865489050, -0.7071067811865462405 ) ) ;
#423 = VECTOR ( 'NONE', #1458, 1000.000000000000000 ) ;
#424 = EDGE_CURVE ( 'NONE', #872, #177, #3386, .T. ) ;
#425 = CARTESIAN_POINT ( 'NONE',  ( -2.100000000000000089, 0.000000000000000000, -1.750000000000000000 ) ) ;
#426 = AXIS2_PLACEMENT_3D ( 'NONE', #2848, #2326, #364 ) ;
#427 = FACE_OUTER_BOUND ( 'NONE', #3040, .T. ) ;
#428 = VERTEX_POINT ( 'NONE', #3397 ) ;
#429 = VERTEX_POINT ( 'NONE', #1180 ) ;
#430 = ADVANCED_FACE ( 'NONE', ( #3437 ), #1425, .T. ) ;
#431 = VECTOR ( 'NONE', #1229, 1000.000000000000000 ) ;
#432 =( LENGTH_UNIT ( ) NAMED_UNIT ( * ) SI_UNIT ( .MILLI., .METRE. ) );
#433 = CARTESIAN_POINT ( 'NONE',  ( 9.000000000000001776, 1.100000000000000089, -1.550000000000000044 ) ) ;
#434 = EDGE_CURVE ( 'NONE', #2262, #3368, #2162, .T. ) ;
#435 = CYLINDRICAL_SURFACE ( 'NONE', #946, 0.2500000000000000000 ) ;
#436 = VECTOR ( 'NONE', #244, 1000.000000000000000 ) ;
#437 = DIRECTION ( 'NONE',  ( 0.000000000000000000, 0.000000000000000000, 1.000000000000000000 ) ) ;
#438 = CARTESIAN_POINT ( 'NONE',  ( -1.499999999999999556, 0.000000000000000000, -0.4500000000000001221 ) ) ;
#439 = EDGE_LOOP ( 'NONE', ( #400, #1563 ) ) ;
#440 = VECTOR ( 'NONE', #3442, 1000.000000000000000 ) ;
#441 = AXIS2_PLACEMENT_3D ( 'NONE', #929, #2589, #54 ) ;
#442 = DIRECTION ( 'NONE',  ( 0.000000000000000000, 0.000000000000000000, 1.000000000000000000 ) ) ;
#443 = ORIENTED_EDGE ( 'NONE', *, *, #2183, .T. ) ;
#444 = DIRECTION ( 'NONE',  ( -1.000000000000000000, 0.000000000000000000, 0.000000000000000000 ) ) ;
#445 = VECTOR ( 'NONE', #489, 1000.000000000000000 ) ;
#446 = DIRECTION ( 'NONE',  ( 0.000000000000000000, 0.000000000000000000, 1.000000000000000000 ) ) ;
#447 = DIRECTION ( 'NONE',  ( 0.000000000000000000, 0.000000000000000000, -1.000000000000000000 ) ) ;
#448 = CARTESIAN_POINT ( 'NONE',  ( 4.500000000000000888, 0.000000000000000000, -0.2000000000000001499 ) ) ;
#449 = ADVANCED_FACE ( 'NONE', ( #311, #1160 ), #293, .F. ) ;
#450 = ORIENTED_EDGE ( 'NONE', *, *, #188, .F. ) ;
#451 = EDGE_LOOP ( 'NONE', ( #1840, #2167 ) ) ;
#452 = VERTEX_POINT ( 'NONE', #572 ) ;
#453 = EDGE_CURVE ( 'NONE', #1159, #452, #1690, .T. ) ;
#454 = PLANE ( 'NONE',  #1464 ) ;
#455 = CARTESIAN_POINT ( 'NONE',  ( 1.500000000000000000, -2.500000000000000000, -0.2000000000000000111 ) ) ;
#456 = CARTESIAN_POINT ( 'NONE',  ( 6.899999999999999467, 4.500000000000000000, 1.750000000000000000 ) ) ;
#457 = CARTESIAN_POINT ( 'NONE',  ( 3.000000000000000444, 0.000000000000000000, -0.7000000000000000666 ) ) ;
#458 = DIRECTION ( 'NONE',  ( 0.000000000000000000, -0.000000000000000000, -1.000000000000000000 ) ) ;
#459 = DIRECTION ( 'NONE',  ( 0.000000000000000000, 0.000000000000000000, 1.000000000000000000 ) ) ;
#460 = LINE ( 'NONE', #1816, #3417 ) ;
#461 = DIRECTION ( 'NONE',  ( -0.000000000000000000, 1.000000000000000000, -0.000000000000000000 ) ) ;
#462 = EDGE_LOOP ( 'NONE', ( #1885, #553, #3036, #3489 ) ) ;
#463 = VERTEX_POINT ( 'NONE', #1390 ) ;
#464 =( NAMED_UNIT ( * ) PLANE_ANGLE_UNIT ( ) SI_UNIT ( $, .RADIAN. ) );
#465 = VERTEX_POINT ( 'NONE', #2526 ) ;
#466 = CARTESIAN_POINT ( 'NONE',  ( 6.899999999999999467, 0.000000000000000000, -1.750000000000000000 ) ) ;
#467 = ORIENTED_EDGE ( 'NONE', *, *, #3376, .T. ) ;
#468 = DIRECTION ( 'NONE',  ( -0.000000000000000000, -0.000000000000000000, 1.000000000000000000 ) ) ;
#469 = EDGE_CURVE ( 'NONE', #1422, #1797, #2265, .T. ) ;
#470 = CARTESIAN_POINT ( 'NONE',  ( 8.500000000000000000, 3.100000000000000533, -2.529805069132843844E-16 ) ) ;
#471 = DIRECTION ( 'NONE',  ( 0.000000000000000000, -0.9556106543573588130, 0.2946324443755309330 ) ) ;
#472 = DIRECTION ( 'NONE',  ( 0.000000000000000000, -1.000000000000000000, 0.000000000000000000 ) ) ;
#473 = EDGE_CURVE ( 'NONE', #3503, #329, #603, .T. ) ;
#474 = PLANE ( 'NONE',  #557 ) ;
#475 = CARTESIAN_POINT ( 'NONE',  ( 1.500000000000000000, 3.600000000000000089, -0.5000000000000000000 ) ) ;
#476 = DIRECTION ( 'NONE',  ( -1.000000000000000000, -0.000000000000000000, -0.000000000000000000 ) ) ;
#477 = LINE ( 'NONE', #2977, #31 ) ;
#478 = VERTEX_POINT ( 'NONE', #2540 ) ;
#479 = CIRCLE ( 'NONE', #129, 0.2500000000000000000 ) ;
#480 = ORIENTED_EDGE ( 'NONE', *, *, #1791, .F. ) ;
#481 = VECTOR ( 'NONE', #2413, 1000.000000000000000 ) ;
#482 = CONTEXT_DEPENDENT_SHAPE_REPRESENTATION ( #1737, #2275 ) ;
#483 = ORIENTED_EDGE ( 'NONE', *, *, #2572, .F. ) ;
#484 = DIRECTION ( 'NONE',  ( 1.000000000000000000, 0.000000000000000000, 0.000000000000000000 ) ) ;
#485 = ORIENTED_EDGE ( 'NONE', *, *, #1621, .F. ) ;
#486 = VECTOR ( 'NONE', #3334, 1000.000000000000000 ) ;
#487 = DIRECTION ( 'NONE',  ( 1.000000000000000000, 0.000000000000000000, 0.000000000000000000 ) ) ;
#488 = CIRCLE ( 'NONE', #3110, 0.1999999999999999833 ) ;
#489 = DIRECTION ( 'NONE',  ( 0.000000000000000000, 1.000000000000000000, 0.000000000000000000 ) ) ;
#490 = DIRECTION ( 'NONE',  ( 0.000000000000000000, 0.9556106543573598122, 0.2946324443755284350 ) ) ;
#491 = EDGE_CURVE ( 'NONE', #2261, #757, #558, .T. ) ;
#492 = AXIS2_PLACEMENT_3D ( 'NONE', #1964, #2455, #3591 ) ;
#493 = CARTESIAN_POINT ( 'NONE',  ( 6.000000000000000000, 0.1500000000000001055, -0.4500000000000001221 ) ) ;
#494 = DIRECTION ( 'NONE',  ( 0.000000000000000000, 0.2946324443755298783, -0.9556106543573592571 ) ) ;
#495 = VERTEX_POINT ( 'NONE', #586 ) ;
#496 = AXIS2_PLACEMENT_3D ( 'NONE', #2088, #1537, #3508 ) ;
#497 = CARTESIAN_POINT ( 'NONE',  ( -2.999999999999999556, 4.500000000000000000, -1.750000000000000000 ) ) ;
#498 = ORIENTED_EDGE ( 'NONE', *, *, #3465, .F. ) ;
#499 = ORIENTED_EDGE ( 'NONE', *, *, #167, .F. ) ;
#500 = EDGE_CURVE ( 'NONE', #2519, #2209, #60, .T. ) ;
#501 = VECTOR ( 'NONE', #1378, 1000.000000000000000 ) ;
#502 = PRODUCT_DEFINITION_SHAPE ( 'NONE', 'NONE',  #3617 ) ;
#503 = CARTESIAN_POINT ( 'NONE',  ( -2.500000000000000444, 1.624999999999989786, 1.874999999999993339 ) ) ;
#504 = CARTESIAN_POINT ( 'NONE',  ( 7.500000000000000888, 0.000000000000000000, -0.7000000000000000666 ) ) ;
#505 = ADVANCED_FACE ( 'NONE', ( #905 ), #3461, .T. ) ;
#506 = AXIS2_PLACEMENT_3D ( 'NONE', #3324, #804, #1903 ) ;
#507 = PLANE ( 'NONE',  #2980 ) ;
#508 = AXIS2_PLACEMENT_3D ( 'NONE', #2465, #545, #282 ) ;
#509 = SURFACE_STYLE_USAGE ( .BOTH. , #1334 ) ;
#510 = ORIENTED_EDGE ( 'NONE', *, *, #704, .T. ) ;
#511 = CARTESIAN_POINT ( 'NONE',  ( 1.500000000000000444, 0.1500000000000001055, -0.4500000000000001221 ) ) ;
#512 = FACE_OUTER_BOUND ( 'NONE', #569, .T. ) ;
#513 = CARTESIAN_POINT ( 'NONE',  ( 9.000000000000001776, 1.099999999999996314, 1.749999999999996447 ) ) ;
#514 = CARTESIAN_POINT ( 'NONE',  ( 6.899999999999999467, 0.1499999999999999944, 1.750000000000000000 ) ) ;
#515 = DIRECTION ( 'NONE',  ( 0.000000000000000000, 1.000000000000000000, 0.000000000000000000 ) ) ;
#516 = CARTESIAN_POINT ( 'NONE',  ( -0.9000000000000002442, 2.204364238465235083E-16, -1.750000000000000000 ) ) ;
#517 = DIRECTION ( 'NONE',  ( -0.000000000000000000, -1.000000000000000000, -0.000000000000000000 ) ) ;
#518 = ORIENTED_EDGE ( 'NONE', *, *, #790, .T. ) ;
#519 = CARTESIAN_POINT ( 'NONE',  ( 9.000000000000001776, 4.299999999999999822, -0.7999999999999994893 ) ) ;
#520 = CARTESIAN_POINT ( 'NONE',  ( -2.999999999999999556, 3.100000000000000089, -2.168404344971008868E-16 ) ) ;
#521 = CARTESIAN_POINT ( 'NONE',  ( 4.500000000000000888, 1.399999999999999911, -0.4500000000000001221 ) ) ;
#522 = EDGE_CURVE ( 'NONE', #272, #2519, #1406, .T. ) ;
#523 = DIRECTION ( 'NONE',  ( -0.000000000000000000, -0.000000000000000000, 1.000000000000000000 ) ) ;
#524 = CONTEXT_DEPENDENT_SHAPE_REPRESENTATION ( #2703, #2731 ) ;
#525 = ORIENTED_EDGE ( 'NONE', *, *, #258, .F. ) ;
#526 = DIRECTION ( 'NONE',  ( 0.000000000000000000, 0.000000000000000000, 1.000000000000000000 ) ) ;
#527 = DIRECTION ( 'NONE',  ( -1.000000000000000000, -1.807003620809174878E-16, 0.000000000000000000 ) ) ;
#528 = DIRECTION ( 'NONE',  ( 0.000000000000000000, 0.000000000000000000, -1.000000000000000000 ) ) ;
#529 = LINE ( 'NONE', #1861, #731 ) ;
#530 = DIRECTION ( 'NONE',  ( -0.000000000000000000, -1.000000000000000000, -0.000000000000000000 ) ) ;
#531 = LINE ( 'NONE', #2166, #334 ) ;
#532 = ORIENTED_EDGE ( 'NONE', *, *, #2641, .F. ) ;
#533 = DIRECTION ( 'NONE',  ( -0.000000000000000000, -0.000000000000000000, 1.000000000000000000 ) ) ;
#534 = CARTESIAN_POINT ( 'NONE',  ( 1.500000000000000000, 3.600000000000000089, -0.5000000000000000000 ) ) ;
#535 = ORIENTED_EDGE ( 'NONE', *, *, #1032, .F. ) ;
#536 = ORIENTED_EDGE ( 'NONE', *, *, #2903, .F. ) ;
#537 = EDGE_CURVE ( 'NONE', #3341, #892, #9, .T. ) ;
#538 = DIRECTION ( 'NONE',  ( -0.000000000000000000, -0.000000000000000000, 1.000000000000000000 ) ) ;
#539 = VECTOR ( 'NONE', #2317, 1000.000000000000000 ) ;
#540 = ORIENTED_EDGE ( 'NONE', *, *, #2971, .T. ) ;
#541 = CARTESIAN_POINT ( 'NONE',  ( -2.999999999999999556, 4.500000000000000000, -0.9999999999999978906 ) ) ;
#542 = EDGE_CURVE ( 'NONE', #2730, #3555, #2847, .T. ) ;
#543 = AXIS2_PLACEMENT_3D ( 'NONE', #493, #1780, #1216 ) ;
#544 = DIRECTION ( 'NONE',  ( 0.000000000000000000, 2.602085213965210642E-15, -1.000000000000000000 ) ) ;
#545 = DIRECTION ( 'NONE',  ( -0.000000000000000000, 1.000000000000000000, -0.000000000000000000 ) ) ;
#546 = VECTOR ( 'NONE', #587, 1000.000000000000000 ) ;
#547 = DIRECTION ( 'NONE',  ( 0.000000000000000000, 0.7071067811865496822, 0.7071067811865454633 ) ) ;
#548 = EDGE_LOOP ( 'NONE', ( #178, #3593, #3500, #1904 ) ) ;
#549 = ADVANCED_FACE ( 'NONE', ( #363 ), #3076, .T. ) ;
#550 = AXIS2_PLACEMENT_3D ( 'NONE', #2132, #1851, #211 ) ;
#551 = DIRECTION ( 'NONE',  ( 0.000000000000000000, -1.000000000000000000, 0.000000000000000000 ) ) ;
#552 = ORIENTED_EDGE ( 'NONE', *, *, #522, .T. ) ;
#553 = ORIENTED_EDGE ( 'NONE', *, *, #2642, .F. ) ;
#554 = CIRCLE ( 'NONE', #1138, 0.2499999999999999445 ) ;
#555 = DIRECTION ( 'NONE',  ( 0.000000000000000000, -1.000000000000000000, 0.000000000000000000 ) ) ;
#556 = ORIENTED_EDGE ( 'NONE', *, *, #69, .F. ) ;
#557 = AXIS2_PLACEMENT_3D ( 'NONE', #152, #2669, #458 ) ;
#558 = LINE ( 'NONE', #2306, #1410 ) ;
#559 = FACE_OUTER_BOUND ( 'NONE', #2406, .T. ) ;
#560 = EDGE_CURVE ( 'NONE', #635, #749, #3091, .T. ) ;
#561 = AXIS2_PLACEMENT_3D ( 'NONE', #3069, #2164, #1651 ) ;
#562 = STYLED_ITEM ( 'NONE', ( #1750 ), #1166 ) ;
#563 = DIRECTION ( 'NONE',  ( 0.000000000000000000, 0.000000000000000000, -1.000000000000000000 ) ) ;
#564 = EDGE_CURVE ( 'NONE', #3607, #679, #1227, .T. ) ;
#565 = CARTESIAN_POINT ( 'NONE',  ( -0.9000000000000002442, 0.1500000000000002165, 1.750000000000000000 ) ) ;
#566 = EDGE_CURVE ( 'NONE', #621, #757, #1570, .T. ) ;
#567 = DIRECTION ( 'NONE',  ( 0.000000000000000000, -0.7071067811865452413, -0.7071067811865497932 ) ) ;
#568 = CARTESIAN_POINT ( 'NONE',  ( 8.500000000000000000, 1.399999999999999911, 0.000000000000000000 ) ) ;
#569 = EDGE_LOOP ( 'NONE', ( #2502, #75, #1583, #971 ) ) ;
#570 = ORIENTED_EDGE ( 'NONE', *, *, #3171, .F. ) ;
#571 = DIRECTION ( 'NONE',  ( 0.000000000000000000, 1.000000000000000000, 0.000000000000000000 ) ) ;
#572 = CARTESIAN_POINT ( 'NONE',  ( -1.799999999999998934, 2.700000000000000178, -1.750000000000000000 ) ) ;
#573 = CARTESIAN_POINT ( 'NONE',  ( 2.400000000000000355, 0.1499999999999999944, -1.750000000000000000 ) ) ;
#574 = FACE_OUTER_BOUND ( 'NONE', #1605, .T. ) ;
#575 = LINE ( 'NONE', #3336, #1372 ) ;
#576 = DIRECTION ( 'NONE',  ( 0.000000000000000000, 0.000000000000000000, 1.000000000000000000 ) ) ;
#577 = ORIENTED_EDGE ( 'NONE', *, *, #625, .T. ) ;
#578 = EDGE_CURVE ( 'NONE', #2101, #2581, #3146, .T. ) ;
#579 = EDGE_CURVE ( 'NONE', #2673, #894, #132, .T. ) ;
#580 = CARTESIAN_POINT ( 'NONE',  ( 0.9000000000000002442, 0.1499999999999999944, -1.750000000000000000 ) ) ;
#581 = ORIENTED_EDGE ( 'NONE', *, *, #2990, .F. ) ;
#582 = ORIENTED_EDGE ( 'NONE', *, *, #2666, .T. ) ;
#583 = EDGE_CURVE ( 'NONE', #3031, #463, #397, .T. ) ;
#584 = LINE ( 'NONE', #623, #3588 ) ;
#585 = ORIENTED_EDGE ( 'NONE', *, *, #424, .T. ) ;
#586 = CARTESIAN_POINT ( 'NONE',  ( 1.500000000000000000, 3.600000000000000089, -0.6999999999999999556 ) ) ;
#587 = DIRECTION ( 'NONE',  ( 0.000000000000000000, 0.000000000000000000, -1.000000000000000000 ) ) ;
#588 = CARTESIAN_POINT ( 'NONE',  ( 1.500000000000000000, -1.227683777812235810, -0.5278053271786800060 ) ) ;
#589 = VECTOR ( 'NONE', #2308, 1000.000000000000000 ) ;
#590 = DIRECTION ( 'NONE',  ( 0.000000000000000000, -1.000000000000000000, -1.232047923278981706E-16 ) ) ;
#591 = TOROIDAL_SURFACE ( 'NONE', #3227, 0.05000000000000000278, 0.2000000000000000111 ) ;
#592 = VECTOR ( 'NONE', #10, 1000.000000000000000 ) ;
#593 = DIRECTION ( 'NONE',  ( 0.000000000000000000, 0.000000000000000000, 1.000000000000000000 ) ) ;
#594 = PRODUCT_DEFINITION ( 'UNKNOWN', '', #1774, #2145 ) ;
#595 = ADVANCED_FACE ( 'NONE', ( #2324, #1244 ), #1036, .F. ) ;
#596 =( NAMED_UNIT ( * ) SI_UNIT ( $, .STERADIAN. ) SOLID_ANGLE_UNIT ( ) );
#597 = ORIENTED_EDGE ( 'NONE', *, *, #1710, .T. ) ;
#598 = ORIENTED_EDGE ( 'NONE', *, *, #253, .F. ) ;
#599 = ORIENTED_EDGE ( 'NONE', *, *, #578, .F. ) ;
#600 = VECTOR ( 'NONE', #2712, 1000.000000000000000 ) ;
#601 = AXIS2_PLACEMENT_3D ( 'NONE', #904, #2862, #3395 ) ;
#602 = PLANE ( 'NONE',  #956 ) ;
#603 = LINE ( 'NONE', #2283, #1864 ) ;
#604 = AXIS2_PLACEMENT_3D ( 'NONE', #2709, #3018, #228 ) ;
#605 = CARTESIAN_POINT ( 'NONE',  ( 9.000000000000001776, 3.100000000000000089, -0.8000000000000000444 ) ) ;
#606 = ADVANCED_FACE ( 'NONE', ( #2594 ), #2889, .T. ) ;
#607 = CARTESIAN_POINT ( 'NONE',  ( 1.500000000000000000, -2.500000000000000000, -0.4500000000000000111 ) ) ;
#608 = ORIENTED_EDGE ( 'NONE', *, *, #2592, .T. ) ;
#609 = AXIS2_PLACEMENT_3D ( 'NONE', #421, #3511, #3201 ) ;
#610 = EDGE_LOOP ( 'NONE', ( #2383, #174 ) ) ;
#611 = CARTESIAN_POINT ( 'NONE',  ( -1.499999999999999556, 0.1500000000000001055, -0.7000000000000000666 ) ) ;
#612 = AXIS2_PLACEMENT_3D ( 'NONE', #782, #2201, #1340 ) ;
#613 = FILL_AREA_STYLE ('',( #338 ) ) ;
#614 = LINE ( 'NONE', #2254, #2179 ) ;
#615 = VECTOR ( 'NONE', #3340, 1000.000000000000000 ) ;
#616 = PRODUCT_DEFINITION_SHAPE ( 'NONE', 'NONE',  #3613 ) ;
#617 =( GEOMETRIC_REPRESENTATION_CONTEXT ( 3 ) GLOBAL_UNCERTAINTY_ASSIGNED_CONTEXT ( ( #3257 ) ) GLOBAL_UNIT_ASSIGNED_CONTEXT ( ( #2272, #2896, #1493 ) ) REPRESENTATION_CONTEXT ( 'NONE', 'WORKASPACE' ) );
#618 = PLANE ( 'NONE',  #1481 ) ;
#619 = CARTESIAN_POINT ( 'NONE',  ( 3.000000000000000444, 3.100000000000000089, -0.4000000000000001332 ) ) ;
#620 = ORIENTED_EDGE ( 'NONE', *, *, #3017, .T. ) ;
#621 = VERTEX_POINT ( 'NONE', #1742 ) ;
#622 = AXIS2_PLACEMENT_3D ( 'NONE', #3544, #1251, #3469 ) ;
#623 = CARTESIAN_POINT ( 'NONE',  ( 0.5999999999999998668, 0.1500000000000002165, -1.750000000000000000 ) ) ;
#624 = ORIENTED_EDGE ( 'NONE', *, *, #434, .T. ) ;
#625 = EDGE_CURVE ( 'NONE', #3244, #1348, #2080, .T. ) ;
#626 = DIRECTION ( 'NONE',  ( -1.000000000000000000, -1.807003620809174878E-16, 0.000000000000000000 ) ) ;
#627 = EDGE_CURVE ( 'NONE', #323, #2129, #660, .T. ) ;
#628 = FACE_OUTER_BOUND ( 'NONE', #2247, .T. ) ;
#629 = LINE ( 'NONE', #365, #1874 ) ;
#630 = ORIENTED_EDGE ( 'NONE', *, *, #1499, .T. ) ;
#631 = DIRECTION ( 'NONE',  ( -0.000000000000000000, -0.000000000000000000, 1.000000000000000000 ) ) ;
#632 = EDGE_CURVE ( 'NONE', #1629, #1136, #1862, .T. ) ;
#633 = LINE ( 'NONE', #2530, #2385 ) ;
#634 =( LENGTH_UNIT ( ) NAMED_UNIT ( * ) SI_UNIT ( .MILLI., .METRE. ) );
#635 = VERTEX_POINT ( 'NONE', #3462 ) ;
#636 = DIRECTION ( 'NONE',  ( -1.000000000000000000, -2.168404344971008868E-16, 0.000000000000000000 ) ) ;
#637 = DIRECTION ( 'NONE',  ( 0.000000000000000000, 0.000000000000000000, 1.000000000000000000 ) ) ;
#638 = ORIENTED_EDGE ( 'NONE', *, *, #583, .T. ) ;
#639 = DIRECTION ( 'NONE',  ( -0.000000000000000000, 1.000000000000000000, -0.000000000000000000 ) ) ;
#640 = FILL_AREA_STYLE_COLOUR ( '', #906 ) ;
#641 = ORIENTED_EDGE ( 'NONE', *, *, #2758, .T. ) ;
#642 = VERTEX_POINT ( 'NONE', #2908 ) ;
#643 = CARTESIAN_POINT ( 'NONE',  ( 0.9000000000000002442, 0.000000000000000000, 1.750000000000000000 ) ) ;
#644 = DIRECTION ( 'NONE',  ( -1.000000000000000000, -1.807003620809174878E-16, 0.000000000000000000 ) ) ;
#645 = CARTESIAN_POINT ( 'NONE',  ( -1.799999999999998934, 2.700000000000000178, -1.750000000000000000 ) ) ;
#646 = CARTESIAN_POINT ( 'NONE',  ( 1.500000000000000000, -1.120974333281645974, -0.2332920092319805128 ) ) ;
#647 = EDGE_CURVE ( 'NONE', #2428, #3546, #1474, .T. ) ;
#648 = ORIENTED_EDGE ( 'NONE', *, *, #6, .T. ) ;
#649 = CARTESIAN_POINT ( 'NONE',  ( 1.500000000000000000, -1.375000000000000000, -0.5500000000000000444 ) ) ;
#650 = EDGE_CURVE ( 'NONE', #777, #3124, #2577, .T. ) ;
#651 = DIRECTION ( 'NONE',  ( -1.000000000000000000, -0.000000000000000000, -0.000000000000000000 ) ) ;
#652 = ORIENTED_EDGE ( 'NONE', *, *, #2564, .T. ) ;
#653 = EDGE_LOOP ( 'NONE', ( #1923, #705, #2064, #2156 ) ) ;
#654 = LINE ( 'NONE', #1437, #3121 ) ;
#655 = EDGE_CURVE ( 'NONE', #2912, #2079, #2038, .T. ) ;
#656 = CIRCLE ( 'NONE', #1802, 0.2500000000000000000 ) ;
#657 = LINE ( 'NONE', #3140, #2816 ) ;
#658 = ORIENTED_EDGE ( 'NONE', *, *, #3510, .T. ) ;
#659 = VERTEX_POINT ( 'NONE', #103 ) ;
#660 = CIRCLE ( 'NONE', #2557, 0.05000000000000002359 ) ;
#661 = EDGE_LOOP ( 'NONE', ( #1336, #399, #1208, #3559 ) ) ;
#662 = DIRECTION ( 'NONE',  ( 0.000000000000000000, -0.2946324443755307110, -0.9556106543573590351 ) ) ;
#663 = VECTOR ( 'NONE', #229, 1000.000000000000000 ) ;
#664 = CARTESIAN_POINT ( 'NONE',  ( 0.5999999999999998668, 2.204364238465235083E-16, -1.750000000000000000 ) ) ;
#665 = DIRECTION ( 'NONE',  ( -1.000000000000000000, -1.807003620809174632E-16, -0.000000000000000000 ) ) ;
#666 = PLANE ( 'NONE',  #3300 ) ;
#667 = ORIENTED_EDGE ( 'NONE', *, *, #2136, .F. ) ;
#668 = AXIS2_PLACEMENT_3D ( 'NONE', #3075, #571, #1671 ) ;
#669 = DIRECTION ( 'NONE',  ( 0.000000000000000000, 1.000000000000000000, 0.000000000000000000 ) ) ;
#670 = AXIS2_PLACEMENT_3D ( 'NONE', #2668, #3180, #1554 ) ;
#671 = DIRECTION ( 'NONE',  ( 1.000000000000000000, 0.000000000000000000, 0.000000000000000000 ) ) ;
#672 = DIRECTION ( 'NONE',  ( 1.000000000000000000, 1.807003620809174878E-16, 0.000000000000000000 ) ) ;
#673 = VECTOR ( 'NONE', #1627, 1000.000000000000000 ) ;
#674 = EDGE_CURVE ( 'NONE', #726, #1681, #2680, .T. ) ;
#675 = EDGE_CURVE ( 'NONE', #2650, #777, #3550, .T. ) ;
#676 = ORIENTED_EDGE ( 'NONE', *, *, #3149, .F. ) ;
#677 = DIRECTION ( 'NONE',  ( 0.000000000000000000, 0.000000000000000000, 1.000000000000000000 ) ) ;
#678 = DIRECTION ( 'NONE',  ( 1.000000000000000000, -6.195440985631453345E-16, -0.000000000000000000 ) ) ;
#679 = VERTEX_POINT ( 'NONE', #765 ) ;
#680 = CIRCLE ( 'NONE', #2407, 0.2499999999999999445 ) ;
#681 = DIRECTION ( 'NONE',  ( 1.000000000000000000, -0.000000000000000000, -0.000000000000000000 ) ) ;
#682 = ORIENTED_EDGE ( 'NONE', *, *, #2509, .T. ) ;
#683 = ORIENTED_EDGE ( 'NONE', *, *, #1596, .F. ) ;
#684 = EDGE_CURVE ( 'NONE', #1765, #759, #689, .T. ) ;
#685 = MECHANICAL_DESIGN_GEOMETRIC_PRESENTATION_REPRESENTATION (  '', ( #1659 ), #3015 ) ;
#686 = CARTESIAN_POINT ( 'NONE',  ( 1.500000000000000000, -1.899999999999999911, -0.4500000000000000111 ) ) ;
#687 = ORIENTED_EDGE ( 'NONE', *, *, #2271, .F. ) ;
#688 = AXIS2_PLACEMENT_3D ( 'NONE', #2138, #1546, #671 ) ;
#689 = LINE ( 'NONE', #2970, #481 ) ;
#690 = EDGE_LOOP ( 'NONE', ( #2364, #2604, #2882, #2473 ) ) ;
#691 = VERTEX_POINT ( 'NONE', #3448 ) ;
#692 = CARTESIAN_POINT ( 'NONE',  ( 3.000000000000000000, 4.336808689942017736E-16, -1.084202172485504434E-16 ) ) ;
#693 = ORIENTED_EDGE ( 'NONE', *, *, #2907, .T. ) ;
#694 = CARTESIAN_POINT ( 'NONE',  ( -2.999999999999999556, 1.100000000000000311, -1.750000000000000000 ) ) ;
#695 = CYLINDRICAL_SURFACE ( 'NONE', #215, 0.2500000000000000000 ) ;
#696 = DIRECTION ( 'NONE',  ( 0.000000000000000000, 0.000000000000000000, -1.000000000000000000 ) ) ;
#697 = EDGE_LOOP ( 'NONE', ( #2897, #2034, #1456, #1848 ) ) ;
#698 = ADVANCED_FACE ( 'NONE', ( #1593 ), #2706, .T. ) ;
#699 = DIRECTION ( 'NONE',  ( 0.000000000000000000, 1.000000000000000000, 0.000000000000000000 ) ) ;
#700 = LINE ( 'NONE', #3202, #1763 ) ;
#701 = DIRECTION ( 'NONE',  ( -0.000000000000000000, -0.000000000000000000, 1.000000000000000000 ) ) ;
#702 = DIRECTION ( 'NONE',  ( -0.000000000000000000, 1.000000000000000000, -0.000000000000000000 ) ) ;
#703 = VERTEX_POINT ( 'NONE', #302 ) ;
#704 = EDGE_CURVE ( 'NONE', #150, #3487, #1131, .T. ) ;
#705 = ORIENTED_EDGE ( 'NONE', *, *, #411, .T. ) ;
#706 = ORIENTED_EDGE ( 'NONE', *, *, #1597, .T. ) ;
#707 = DIRECTION ( 'NONE',  ( -0.000000000000000000, -0.000000000000000000, 1.000000000000000000 ) ) ;
#708 = CARTESIAN_POINT ( 'NONE',  ( -2.500000000000000000, 1.700000000000000178, -1.350000000000000089 ) ) ;
#709 = CARTESIAN_POINT ( 'NONE',  ( -2.499999999999999112, 1.700000000000000178, 1.350000000000000311 ) ) ;
#710 = EDGE_CURVE ( 'NONE', #3432, #2193, #1126, .T. ) ;
#711 = CARTESIAN_POINT ( 'NONE',  ( 3.000000000000000444, 4.500000000000000000, 0.1999999999999984568 ) ) ;
#712 = ORIENTED_EDGE ( 'NONE', *, *, #1095, .F. ) ;
#713 = DIRECTION ( 'NONE',  ( -1.000000000000000000, 0.000000000000000000, -0.000000000000000000 ) ) ;
#714 = VECTOR ( 'NONE', #1252, 1000.000000000000000 ) ;
#715 = EDGE_CURVE ( 'NONE', #1156, #1639, #3379, .T. ) ;
#716 = CARTESIAN_POINT ( 'NONE',  ( 7.500000000000000888, 0.1500000000000001055, -0.2000000000000001499 ) ) ;
#717 = AXIS2_PLACEMENT_3D ( 'NONE', #2462, #2139, #3316 ) ;
#718 = FACE_OUTER_BOUND ( 'NONE', #3007, .T. ) ;
#719 = VERTEX_POINT ( 'NONE', #1096 ) ;
#720 = ORIENTED_EDGE ( 'NONE', *, *, #434, .F. ) ;
#721 = ADVANCED_FACE ( 'NONE', ( #1382 ), #823, .F. ) ;
#722 =( NAMED_UNIT ( * ) PLANE_ANGLE_UNIT ( ) SI_UNIT ( $, .RADIAN. ) );
#723 = VERTEX_POINT ( 'NONE', #2534 ) ;
#724 = TOROIDAL_SURFACE ( 'NONE', #492, 0.5000000000000000000, 0.2500000000000000000 ) ;
#725 = PLANE ( 'NONE',  #2338 ) ;
#726 = VERTEX_POINT ( 'NONE', #3155 ) ;
#727 = LINE ( 'NONE', #1290, #2926 ) ;
#728 = VECTOR ( 'NONE', #1058, 1000.000000000000000 ) ;
#729 = DIRECTION ( 'NONE',  ( 0.000000000000000000, 0.000000000000000000, 1.000000000000000000 ) ) ;
#730 = CARTESIAN_POINT ( 'NONE',  ( 1.500000000000000000, -1.899999999999999689, -0.6999999999999999556 ) ) ;
#731 = VECTOR ( 'NONE', #547, 1000.000000000000114 ) ;
#732 = AXIS2_PLACEMENT_3D ( 'NONE', #1291, #1860, #3493 ) ;
#733 = FACE_OUTER_BOUND ( 'NONE', #3443, .T. ) ;
#734 = DIRECTION ( 'NONE',  ( 0.000000000000000000, 1.232047923278981706E-16, -1.000000000000000000 ) ) ;
#735 = CYLINDRICAL_SURFACE ( 'NONE', #2341, 0.2499999999999999445 ) ;
#736 = DIRECTION ( 'NONE',  ( -1.807003620809174878E-16, 1.000000000000000000, 0.000000000000000000 ) ) ;
#737 = CARTESIAN_POINT ( 'NONE',  ( -2.999999999999999556, 4.500000000000000000, -1.750000000000000000 ) ) ;
#738 = ORIENTED_EDGE ( 'NONE', *, *, #3510, .F. ) ;
#739 = ORIENTED_EDGE ( 'NONE', *, *, #1664, .F. ) ;
#740 = EDGE_CURVE ( 'NONE', #1681, #2108, #1972, .T. ) ;
#741 = ADVANCED_FACE ( 'NONE', ( #3175 ), #1734, .F. ) ;
#742 = DIRECTION ( 'NONE',  ( 0.000000000000000000, 0.000000000000000000, 1.000000000000000000 ) ) ;
#743 = EDGE_LOOP ( 'NONE', ( #1365, #1701, #3071, #2921 ) ) ;
#744 = ORIENTED_EDGE ( 'NONE', *, *, #3063, .T. ) ;
#745 = EDGE_CURVE ( 'NONE', #2426, #2861, #893, .T. ) ;
#746 = CARTESIAN_POINT ( 'NONE',  ( -2.500000000000000444, 4.499999999999999112, 0.1999999999999980405 ) ) ;
#747 = CARTESIAN_POINT ( 'NONE',  ( 8.500000000000000000, 2.700000000000000178, -1.750000000000000000 ) ) ;
#748 = CARTESIAN_POINT ( 'NONE',  ( 1.500000000000000000, -1.498658111093881917, -0.2889026635893400252 ) ) ;
#749 = VERTEX_POINT ( 'NONE', #455 ) ;
#750 = DIRECTION ( 'NONE',  ( 0.000000000000000000, 0.7071067811865497932, -0.7071067811865452413 ) ) ;
#751 = CARTESIAN_POINT ( 'NONE',  ( 1.500000000000000000, 3.600000000000000089, -0.4500000000000000111 ) ) ;
#752 = VERTEX_POINT ( 'NONE', #2408 ) ;
#753 = CARTESIAN_POINT ( 'NONE',  ( 1.500000000000000444, 1.399999999999999911, -0.7000000000000000666 ) ) ;
#754 = LINE ( 'NONE', #2380, #262 ) ;
#755 = DIRECTION ( 'NONE',  ( 1.000000000000000000, 1.508823545639749896E-32, 0.000000000000000000 ) ) ;
#756 = EDGE_LOOP ( 'NONE', ( #1163, #2874, #868, #1393 ) ) ;
#757 = VERTEX_POINT ( 'NONE', #746 ) ;
#758 = ADVANCED_FACE ( 'NONE', ( #1551, #2966, #1534, #3474, #185, #2930, #2986, #3491 ), #146, .F. ) ;
#759 = VERTEX_POINT ( 'NONE', #2665 ) ;
#760 = LINE ( 'NONE', #2760, #318 ) ;
#761 = ORIENTED_EDGE ( 'NONE', *, *, #958, .T. ) ;
#762 = EDGE_CURVE ( 'NONE', #726, #886, #727, .T. ) ;
#763 = CARTESIAN_POINT ( 'NONE',  ( 1.500000000000000444, 1.399999999999999911, -0.2000000000000001499 ) ) ;
#764 = LINE ( 'NONE', #1326, #501 ) ;
#765 = CARTESIAN_POINT ( 'NONE',  ( 8.500000000000000000, 4.500000000000000000, -0.9999999999999978906 ) ) ;
#766 = EDGE_CURVE ( 'NONE', #1479, #1100, #3254, .T. ) ;
#767 = CARTESIAN_POINT ( 'NONE',  ( 3.600000000000000089, 2.204364238465235083E-16, -1.750000000000000000 ) ) ;
#768 = CLOSED_SHELL ( 'NONE', ( #3371, #2221, #2828, #3270, #357, #354, #2399, #2991 ) ) ;
#769 = CARTESIAN_POINT ( 'NONE',  ( 5.100000000000000533, 0.1500000000000002165, 1.750000000000000000 ) ) ;
#770 = VECTOR ( 'NONE', #1609, 1000.000000000000000 ) ;
#771 = FACE_OUTER_BOUND ( 'NONE', #2412, .T. ) ;
#772 = AXIS2_PLACEMENT_3D ( 'NONE', #2556, #1120, #2508 ) ;
#773 = CARTESIAN_POINT ( 'NONE',  ( 8.500000000000000000, 3.100000000000000089, -0.4000000000000001332 ) ) ;
#774 = VECTOR ( 'NONE', #533, 1000.000000000000000 ) ;
#775 = ITEM_DEFINED_TRANSFORMATION ( 'NONE', 'NONE', #800,  #913 ) ;
#776 = FACE_OUTER_BOUND ( 'NONE', #1668, .T. ) ;
#777 = VERTEX_POINT ( 'NONE', #2646 ) ;
#778 = VECTOR ( 'NONE', #2752, 1000.000000000000000 ) ;
#779 = DIRECTION ( 'NONE',  ( -0.000000000000000000, -0.000000000000000000, 1.000000000000000000 ) ) ;
#780 = CIRCLE ( 'NONE', #1193, 0.2499999999999999445 ) ;
#781 = CARTESIAN_POINT ( 'NONE',  ( 2.100000000000000089, 2.204364238465235083E-16, -1.750000000000000000 ) ) ;
#782 = CARTESIAN_POINT ( 'NONE',  ( 7.500000000000000888, 0.1500000000000001055, -0.4500000000000001221 ) ) ;
#783 = EDGE_CURVE ( 'NONE', #3305, #1643, #2913, .T. ) ;
#784 = ADVANCED_FACE ( 'NONE', ( #3197 ), #2386, .F. ) ;
#785 = TOROIDAL_SURFACE ( 'NONE', #1418, 0.05000000000000000278, 0.2000000000000000111 ) ;
#786 = PLANE ( 'NONE',  #2823 ) ;
#787 = ORIENTED_EDGE ( 'NONE', *, *, #1032, .T. ) ;
#788 = LINE ( 'NONE', #2259, #2461 ) ;
#789 = EDGE_LOOP ( 'NONE', ( #2035, #525, #1917, #3291 ) ) ;
#790 = EDGE_CURVE ( 'NONE', #1230, #2581, #1015, .T. ) ;
#791 = CIRCLE ( 'NONE', #2633, 0.2500000000000000555 ) ;
#792 = CARTESIAN_POINT ( 'NONE',  ( 4.336808689942017736E-16, 0.1500000000000001055, -0.4500000000000001221 ) ) ;
#793 = FACE_OUTER_BOUND ( 'NONE', #1344, .T. ) ;
#794 = ORIENTED_EDGE ( 'NONE', *, *, #2693, .T. ) ;
#795 = VECTOR ( 'NONE', #551, 1000.000000000000000 ) ;
#796 = DIRECTION ( 'NONE',  ( 0.000000000000000000, -1.000000000000000000, 0.000000000000000000 ) ) ;
#797 = ORIENTED_EDGE ( 'NONE', *, *, #625, .F. ) ;
#798 = ORIENTED_EDGE ( 'NONE', *, *, #2871, .F. ) ;
#799 = CARTESIAN_POINT ( 'NONE',  ( 7.500000000000000888, 1.399999999999999911, -0.4500000000000001221 ) ) ;
#800 = AXIS2_PLACEMENT_3D ( 'NONE', #692, #415, #977 ) ;
#801 = CARTESIAN_POINT ( 'NONE',  ( -0.5999999999999998668, 0.000000000000000000, 1.750000000000000000 ) ) ;
#802 = DIRECTION ( 'NONE',  ( 0.000000000000000000, 1.084202172485504040E-15, -1.000000000000000000 ) ) ;
#803 = CARTESIAN_POINT ( 'NONE',  ( 6.599999999999999645, 0.000000000000000000, -1.750000000000000000 ) ) ;
#804 = DIRECTION ( 'NONE',  ( 0.000000000000000000, 1.000000000000000000, 0.000000000000000000 ) ) ;
#805 = ADVANCED_FACE ( 'NONE', ( #3273 ), #591, .T. ) ;
#806 = VERTEX_POINT ( 'NONE', #694 ) ;
#807 = CARTESIAN_POINT ( 'NONE',  ( 1.500000000000000000, -0.9000000000000000222, -0.6999999999999999556 ) ) ;
#808 = ORIENTED_EDGE ( 'NONE', *, *, #715, .F. ) ;
#809 = ORIENTED_EDGE ( 'NONE', *, *, #1773, .F. ) ;
#810 = EDGE_CURVE ( 'NONE', #1963, #723, #1787, .T. ) ;
#811 = DIRECTION ( 'NONE',  ( -0.000000000000000000, 1.000000000000000000, -0.000000000000000000 ) ) ;
#812 = ORIENTED_EDGE ( 'NONE', *, *, #921, .F. ) ;
#813 = EDGE_LOOP ( 'NONE', ( #118, #2855 ) ) ;
#814 = CARTESIAN_POINT ( 'NONE',  ( -2.999999999999999556, 0.7500000000000000000, -1.750000000000000000 ) ) ;
#815 = EDGE_CURVE ( 'NONE', #1223, #2101, #1841, .T. ) ;
#816 = ORIENTED_EDGE ( 'NONE', *, *, #2463, .F. ) ;
#817 = CARTESIAN_POINT ( 'NONE',  ( 0.5999999999999998668, 2.204364238465235083E-16, -1.750000000000000000 ) ) ;
#818 = EDGE_LOOP ( 'NONE', ( #2438, #1698, #2658, #2674 ) ) ;
#819 = CARTESIAN_POINT ( 'NONE',  ( 1.500000000000000000, -1.899999999999999911, -0.4500000000000000111 ) ) ;
#820 = DIRECTION ( 'NONE',  ( 1.000000000000000000, 6.195440985631453345E-16, 0.000000000000000000 ) ) ;
#821 = CARTESIAN_POINT ( 'NONE',  ( 5.100000000000000533, 4.500000000000000000, 1.750000000000000000 ) ) ;
#822 = PRODUCT_DEFINITION_SHAPE ( 'NONE', 'NONE',  #3616 ) ;
#823 = CYLINDRICAL_SURFACE ( 'NONE', #131, 0.2499999999999999445 ) ;
#824 = CARTESIAN_POINT ( 'NONE',  ( -2.500000000000000444, 1.099999999999999867, 0.2999999999999994893 ) ) ;
#825 = CARTESIAN_POINT ( 'NONE',  ( 1.500000000000000000, -1.498658111093881917, -0.2889026635893404693 ) ) ;
#826 = EDGE_LOOP ( 'NONE', ( #3206, #2511 ) ) ;
#827 = PRESENTATION_STYLE_ASSIGNMENT (( #3585 ) ) ;
#828 = ORIENTED_EDGE ( 'NONE', *, *, #1886, .F. ) ;
#829 = LINE ( 'NONE', #1079, #774 ) ;
#830 = EDGE_CURVE ( 'NONE', #2129, #323, #255, .T. ) ;
#831 = DIRECTION ( 'NONE',  ( 0.000000000000000000, -0.7071067811865497932, 0.7071067811865452413 ) ) ;
#832 = CARTESIAN_POINT ( 'NONE',  ( 6.899999999999999467, 0.000000000000000000, -1.750000000000000000 ) ) ;
#833 = ORIENTED_EDGE ( 'NONE', *, *, #2945, .F. ) ;
#834 = VERTEX_POINT ( 'NONE', #3211 ) ;
#835 = ADVANCED_FACE ( 'NONE', ( #1803 ), #435, .T. ) ;
#836 = EDGE_CURVE ( 'NONE', #757, #659, #994, .T. ) ;
#837 = AXIS2_PLACEMENT_3D ( 'NONE', #2230, #487, #2776 ) ;
#838 = VECTOR ( 'NONE', #3203, 1000.000000000000000 ) ;
#839 = CARTESIAN_POINT ( 'NONE',  ( -2.999999999999999556, 4.500000000000000000, 1.750000000000000000 ) ) ;
#840 = CARTESIAN_POINT ( 'NONE',  ( -2.100000000000000089, 0.000000000000000000, 1.750000000000000000 ) ) ;
#841 = VECTOR ( 'NONE', #350, 1000.000000000000000 ) ;
#842 = LINE ( 'NONE', #1934, #1478 ) ;
#843 = VECTOR ( 'NONE', #3097, 1000.000000000000000 ) ;
#844 = PLANE ( 'NONE',  #1747 ) ;
#845 = FACE_OUTER_BOUND ( 'NONE', #2821, .T. ) ;
#846 = EDGE_LOOP ( 'NONE', ( #2893, #2190, #1739, #2676 ) ) ;
#847 = DIRECTION ( 'NONE',  ( 0.000000000000000000, 0.000000000000000000, 1.000000000000000000 ) ) ;
#848 = ORIENTED_EDGE ( 'NONE', *, *, #1925, .T. ) ;
#849 = ORIENTED_EDGE ( 'NONE', *, *, #11, .T. ) ;
#850 = AXIS2_PLACEMENT_3D ( 'NONE', #1603, #309, #2437 ) ;
#851 = VECTOR ( 'NONE', #931, 1000.000000000000000 ) ;
#852 = DIRECTION ( 'NONE',  ( 0.000000000000000000, 0.000000000000000000, -1.000000000000000000 ) ) ;
#853 = ORIENTED_EDGE ( 'NONE', *, *, #390, .T. ) ;
#854 = CIRCLE ( 'NONE', #1366, 0.2500000000000000000 ) ;
#855 = CARTESIAN_POINT ( 'NONE',  ( 1.500000000000000000, -1.645974333281644997, -0.7667079907680199868 ) ) ;
#856 = PLANE ( 'NONE',  #81 ) ;
#857 = VECTOR ( 'NONE', #1511, 1000.000000000000000 ) ;
#858 = EDGE_CURVE ( 'NONE', #2117, #2348, #3195, .T. ) ;
#859 = EDGE_CURVE ( 'NONE', #3431, #2632, #2927, .T. ) ;
#860 = VERTEX_POINT ( 'NONE', #2601 ) ;
#861 = CIRCLE ( 'NONE', #3012, 0.2500000000000002220 ) ;
#862 = FACE_OUTER_BOUND ( 'NONE', #3584, .T. ) ;
#863 = CYLINDRICAL_SURFACE ( 'NONE', #341, 0.2499999999999999445 ) ;
#864 = EDGE_CURVE ( 'NONE', #2196, #2787, #416, .T. ) ;
#865 = PRODUCT_DEFINITION_FORMATION_WITH_SPECIFIED_SOURCE ( 'ANY', '', #1429, .NOT_KNOWN. ) ;
#866 = CARTESIAN_POINT ( 'NONE',  ( 5.100000000000000533, 0.1500000000000002165, -1.750000000000000000 ) ) ;
#867 = DIRECTION ( 'NONE',  ( 0.000000000000000000, 0.000000000000000000, -1.000000000000000000 ) ) ;
#868 = ORIENTED_EDGE ( 'NONE', *, *, #2043, .T. ) ;
#869 = DIRECTION ( 'NONE',  ( 0.000000000000000000, -1.000000000000000000, -1.153406566473939781E-16 ) ) ;
#870 = ORIENTED_EDGE ( 'NONE', *, *, #1602, .F. ) ;
#871 = EDGE_LOOP ( 'NONE', ( #1501, #794, #1678, #2135 ) ) ;
#872 = VERTEX_POINT ( 'NONE', #2337 ) ;
#873 = CARTESIAN_POINT ( 'NONE',  ( 1.500000000000000000, -1.425000000000000044, -0.05000000000000000278 ) ) ;
#874 = CARTESIAN_POINT ( 'NONE',  ( 3.000000000000001332, 0.1499999999999990785, 1.750000000000000000 ) ) ;
#875 = ORIENTED_EDGE ( 'NONE', *, *, #3275, .T. ) ;
#876 = DIRECTION ( 'NONE',  ( 0.000000000000000000, 0.9556106543573592571, 0.2946324443755300448 ) ) ;
#877 = FACE_OUTER_BOUND ( 'NONE', #264, .T. ) ;
#878 = ADVANCED_FACE ( 'NONE', ( #3504 ), #2319, .F. ) ;
#879 = CARTESIAN_POINT ( 'NONE',  ( 1.500000000000000000, -2.700000000000000178, -0.5000000000000000000 ) ) ;
#880 = VERTEX_POINT ( 'NONE', #3490 ) ;
#881 = EDGE_LOOP ( 'NONE', ( #3451, #2720, #1868, #1234 ) ) ;
#882 = PRODUCT_DEFINITION_SHAPE ( 'NONE', 'NONE',  #594 ) ;
#883 = LINE ( 'NONE', #1421, #384 ) ;
#884 = EDGE_LOOP ( 'NONE', ( #853, #305, #2066, #1125, #949, #1008, #1455, #3259, #2655, #1248, #2134, #1702, #3224, #1086, #1724, #3533 ) ) ;
#885 = CARTESIAN_POINT ( 'NONE',  ( 8.500000000000000000, 1.099999999999999867, 1.350000000000000089 ) ) ;
#886 = VERTEX_POINT ( 'NONE', #3473 ) ;
#887 = DIRECTION ( 'NONE',  ( 0.000000000000000000, -0.7071067811865496822, -0.7071067811865454633 ) ) ;
#888 = VECTOR ( 'NONE', #3002, 1000.000000000000227 ) ;
#889 = DIRECTION ( 'NONE',  ( 0.000000000000000000, 0.000000000000000000, 1.000000000000000000 ) ) ;
#890 = CARTESIAN_POINT ( 'NONE',  ( 1.500000000000000444, 0.1500000000000001055, -0.4500000000000001221 ) ) ;
#891 = AXIS2_PLACEMENT_3D ( 'NONE', #143, #2950, #2100 ) ;
#892 = VERTEX_POINT ( 'NONE', #2898 ) ;
#893 = LINE ( 'NONE', #403, #2163 ) ;
#894 = VERTEX_POINT ( 'NONE', #433 ) ;
#895 = LINE ( 'NONE', #3178, #3009 ) ;
#896 = LINE ( 'NONE', #2570, #851 ) ;
#897 = ORIENTED_EDGE ( 'NONE', *, *, #1545, .T. ) ;
#898 = ADVANCED_FACE ( 'NONE', ( #3455 ), #454, .F. ) ;
#899 = ORIENTED_EDGE ( 'NONE', *, *, #2803, .T. ) ;
#900 = ADVANCED_FACE ( 'NONE', ( #1785 ), #402, .F. ) ;
#901 = VERTEX_POINT ( 'NONE', #2620 ) ;
#902 = CIRCLE ( 'NONE', #1358, 0.2000000000000000389 ) ;
#903 = AXIS2_PLACEMENT_3D ( 'NONE', #686, #1831, #2654 ) ;
#904 = CARTESIAN_POINT ( 'NONE',  ( 1.500000000000000000, -1.899999999999999911, -0.4500000000000000111 ) ) ;
#905 = FACE_OUTER_BOUND ( 'NONE', #3218, .T. ) ;
#906 = COLOUR_RGB ( '',0.7960784313725489669, 0.8235294117647058432, 0.9372549019607843146 ) ;
#907 = DIRECTION ( 'NONE',  ( -1.000000000000000000, -0.000000000000000000, -0.000000000000000000 ) ) ;
#908 = DIRECTION ( 'NONE',  ( 0.000000000000000000, 0.000000000000000000, -1.000000000000000000 ) ) ;
#909 = CIRCLE ( 'NONE', #1653, 0.2500000000000000555 ) ;
#910 = ORIENTED_EDGE ( 'NONE', *, *, #1363, .F. ) ;
#911 = AXIS2_PLACEMENT_3D ( 'NONE', #358, #1452, #1757 ) ;
#912 = CARTESIAN_POINT ( 'NONE',  ( 1.500000000000000000, -1.899999999999999911, -0.1999999999999965139 ) ) ;
#913 = AXIS2_PLACEMENT_3D ( 'NONE', #3403, #889, #2836 ) ;
#914 = ORIENTED_EDGE ( 'NONE', *, *, #30, .T. ) ;
#915 = CARTESIAN_POINT ( 'NONE',  ( 8.500000000000000000, 1.099999999999999867, -1.350000000000000089 ) ) ;
#916 = ORIENTED_EDGE ( 'NONE', *, *, #3434, .T. ) ;
#917 = DIRECTION ( 'NONE',  ( 1.000000000000000000, 1.807003620809174878E-16, 0.000000000000000000 ) ) ;
#918 = ORIENTED_EDGE ( 'NONE', *, *, #3560, .F. ) ;
#919 = VERTEX_POINT ( 'NONE', #3228 ) ;
#920 = DIRECTION ( 'NONE',  ( 0.000000000000000000, -1.000000000000000000, 0.000000000000000000 ) ) ;
#921 = EDGE_CURVE ( 'NONE', #1230, #1918, #2069, .T. ) ;
#922 = CARTESIAN_POINT ( 'NONE',  ( 3.000000000000000444, 0.000000000000000000, -1.750000000000000000 ) ) ;
#923 = ORIENTED_EDGE ( 'NONE', *, *, #2098, .F. ) ;
#924 = DIRECTION ( 'NONE',  ( 0.000000000000000000, 1.232047923278981706E-16, -1.000000000000000000 ) ) ;
#925 = EDGE_CURVE ( 'NONE', #2730, #901, #24, .T. ) ;
#926 = FACE_OUTER_BOUND ( 'NONE', #661, .T. ) ;
#927 = VERTEX_POINT ( 'NONE', #164 ) ;
#928 = ORIENTED_EDGE ( 'NONE', *, *, #715, .T. ) ;
#929 = CARTESIAN_POINT ( 'NONE',  ( -2.999999999999999556, 3.100000000000000089, -0.4000000000000001332 ) ) ;
#930 = CARTESIAN_POINT ( 'NONE',  ( 1.301042606982605321E-15, 0.1499999999999990785, 1.750000000000000000 ) ) ;
#931 = DIRECTION ( 'NONE',  ( 0.000000000000000000, 1.000000000000000000, 0.000000000000000000 ) ) ;
#932 = ORIENTED_EDGE ( 'NONE', *, *, #1257, .T. ) ;
#933 = ORIENTED_EDGE ( 'NONE', *, *, #3349, .F. ) ;
#934 = CARTESIAN_POINT ( 'NONE',  ( 6.000000000000000000, 1.399999999999999911, -0.2000000000000001499 ) ) ;
#935 = EDGE_LOOP ( 'NONE', ( #1524, #1685, #3252, #2640 ) ) ;
#936 = CARTESIAN_POINT ( 'NONE',  ( 1.500000000000000000, 3.799999999999999822, -0.4500000000000000111 ) ) ;
#937 = LINE ( 'NONE', #46, #2684 ) ;
#938 = EDGE_LOOP ( 'NONE', ( #1669, #345, #1441, #2596 ) ) ;
#939 = EDGE_CURVE ( 'NONE', #2428, #3382, #1482, .T. ) ;
#940 = CARTESIAN_POINT ( 'NONE',  ( 8.500000000000000000, 1.099999999999999867, 0.2999999999999990452 ) ) ;
#941 = ORIENTED_EDGE ( 'NONE', *, *, #3217, .T. ) ;
#942 = DIRECTION ( 'NONE',  ( -0.000000000000000000, 1.000000000000000000, -0.000000000000000000 ) ) ;
#943 = VECTOR ( 'NONE', #2895, 1000.000000000000000 ) ;
#944 = DIRECTION ( 'NONE',  ( 0.000000000000000000, 1.000000000000000000, 0.000000000000000000 ) ) ;
#945 = ORIENTED_EDGE ( 'NONE', *, *, #2952, .T. ) ;
#946 = AXIS2_PLACEMENT_3D ( 'NONE', #1272, #2371, #3506 ) ;
#947 = ORIENTED_EDGE ( 'NONE', *, *, #1664, .T. ) ;
#948 = DIRECTION ( 'NONE',  ( -1.000000000000000000, -2.168404344971009361E-16, 0.000000000000000000 ) ) ;
#949 = ORIENTED_EDGE ( 'NONE', *, *, #1525, .T. ) ;
#950 = VECTOR ( 'NONE', #1878, 1000.000000000000000 ) ;
#951 = DIRECTION ( 'NONE',  ( 0.000000000000000000, 0.7071067811865496822, 0.7071067811865454633 ) ) ;
#952 = LINE ( 'NONE', #425, #2808 ) ;
#953 = DIRECTION ( 'NONE',  ( 0.000000000000000000, 0.000000000000000000, -1.000000000000000000 ) ) ;
#954 = ORIENTED_EDGE ( 'NONE', *, *, #958, .F. ) ;
#955 = ORIENTED_EDGE ( 'NONE', *, *, #1773, .T. ) ;
#956 = AXIS2_PLACEMENT_3D ( 'NONE', #2263, #79, #394 ) ;
#957 = ADVANCED_FACE ( 'NONE', ( #2586 ), #725, .F. ) ;
#958 = EDGE_CURVE ( 'NONE', #1897, #3568, #962, .T. ) ;
#959 = AXIS2_PLACEMENT_3D ( 'NONE', #2590, #1961, #1155 ) ;
#960 = SURFACE_STYLE_USAGE ( .BOTH. , #1836 ) ;
#961 = ORIENTED_EDGE ( 'NONE', *, *, #710, .F. ) ;
#962 = LINE ( 'NONE', #1013, #3054 ) ;
#963 = VECTOR ( 'NONE', #189, 1000.000000000000000 ) ;
#964 = DIRECTION ( 'NONE',  ( 0.000000000000000000, -1.000000000000000000, -1.232047923278981706E-16 ) ) ;
#965 = LINE ( 'NONE', #2932, #857 ) ;
#966 = VECTOR ( 'NONE', #1973, 1000.000000000000000 ) ;
#967 = LINE ( 'NONE', #128, #1650 ) ;
#968 = ORIENTED_EDGE ( 'NONE', *, *, #1602, .T. ) ;
#969 = COLOUR_RGB ( '',1.000000000000000000, 1.000000000000000000, 1.000000000000000000 ) ;
#970 = CARTESIAN_POINT ( 'NONE',  ( 2.499999999999999556, 1.399999999999999911, 0.000000000000000000 ) ) ;
#971 = ORIENTED_EDGE ( 'NONE', *, *, #3413, .F. ) ;
#972 =( GEOMETRIC_REPRESENTATION_CONTEXT ( 3 ) GLOBAL_UNCERTAINTY_ASSIGNED_CONTEXT ( ( #1845 ) ) GLOBAL_UNIT_ASSIGNED_CONTEXT ( ( #432, #722, #1286 ) ) REPRESENTATION_CONTEXT ( 'NONE', 'WORKASPACE' ) );
#973 = DIRECTION ( 'NONE',  ( 0.000000000000000000, -0.000000000000000000, -1.000000000000000000 ) ) ;
#974 = CARTESIAN_POINT ( 'NONE',  ( 6.000000000000000000, 0.000000000000000000, -0.4500000000000001221 ) ) ;
#975 = CARTESIAN_POINT ( 'NONE',  ( 1.500000000000000000, -2.700000000000000178, -0.4000000000000000222 ) ) ;
#976 = VERTEX_POINT ( 'NONE', #110 ) ;
#977 = DIRECTION ( 'NONE',  ( 1.000000000000000000, 0.000000000000000000, 0.000000000000000000 ) ) ;
#978 = DIRECTION ( 'NONE',  ( 0.000000000000000000, 0.000000000000000000, -1.000000000000000000 ) ) ;
#979 = PRODUCT_RELATED_PRODUCT_CATEGORY ( 'part', '', ( #3093 ) ) ;
#980 = EDGE_CURVE ( 'NONE', #2312, #271, #1222, .T. ) ;
#981 = DIRECTION ( 'NONE',  ( 0.000000000000000000, -1.000000000000000000, 0.000000000000000000 ) ) ;
#982 = DIRECTION ( 'NONE',  ( 0.000000000000000000, -1.000000000000000000, -8.673617379884039416E-16 ) ) ;
#983 = LINE ( 'NONE', #730, #3594 ) ;
#984 = ADVANCED_FACE ( 'NONE', ( #3174, #254, #1375 ), #1839, .F. ) ;
#985 = EDGE_CURVE ( 'NONE', #1549, #173, #760, .T. ) ;
#986 = CARTESIAN_POINT ( 'NONE',  ( 5.400000000000000355, 4.500000000000000000, 1.750000000000000000 ) ) ;
#987 = CARTESIAN_POINT ( 'NONE',  ( 9.000000000000001776, 0.000000000000000000, 1.750000000000000000 ) ) ;
#988 = DIRECTION ( 'NONE',  ( -1.000000000000000000, -1.807003620809174632E-16, -0.000000000000000000 ) ) ;
#989 = FACE_BOUND ( 'NONE', #439, .T. ) ;
#990 = EDGE_LOOP ( 'NONE', ( #1269, #720 ) ) ;
#991 = ORIENTED_EDGE ( 'NONE', *, *, #684, .F. ) ;
#992 = DIRECTION ( 'NONE',  ( 1.000000000000000000, 0.000000000000000000, 0.000000000000000000 ) ) ;
#993 = ORIENTED_EDGE ( 'NONE', *, *, #281, .T. ) ;
#994 = LINE ( 'NONE', #1771, #2285 ) ;
#995 = CARTESIAN_POINT ( 'NONE',  ( -1.499999999999998668, 0.1499999999999990785, 1.750000000000000000 ) ) ;
#996 = DIRECTION ( 'NONE',  ( 0.000000000000000000, 1.000000000000000000, 0.000000000000000000 ) ) ;
#997 = CIRCLE ( 'NONE', #2282, 0.2500000000000000000 ) ;
#998 = TOROIDAL_SURFACE ( 'NONE', #1122, 0.5000000000000000000, 0.2500000000000000000 ) ;
#999 = DIRECTION ( 'NONE',  ( -0.000000000000000000, 1.000000000000000000, -0.000000000000000000 ) ) ;
#1000 = EDGE_CURVE ( 'NONE', #1147, #1348, #1585, .T. ) ;
#1001 = EDGE_CURVE ( 'NONE', #3032, #1879, #1356, .T. ) ;
#1002 = DIRECTION ( 'NONE',  ( 0.000000000000000000, -1.000000000000000000, -1.232047923278981706E-16 ) ) ;
#1003 = VECTOR ( 'NONE', #2794, 1000.000000000000000 ) ;
#1004 = DIRECTION ( 'NONE',  ( 0.000000000000000000, 0.000000000000000000, -1.000000000000000000 ) ) ;
#1005 = EDGE_CURVE ( 'NONE', #1629, #1223, #220, .T. ) ;
#1006 = VECTOR ( 'NONE', #3004, 1000.000000000000000 ) ;
#1007 = CARTESIAN_POINT ( 'NONE',  ( 1.500000000000000000, -2.500000000000000000, -0.6999999999999999556 ) ) ;
#1008 = ORIENTED_EDGE ( 'NONE', *, *, #33, .T. ) ;
#1009 = ORIENTED_EDGE ( 'NONE', *, *, #2429, .T. ) ;
#1010 = ORIENTED_EDGE ( 'NONE', *, *, #939, .F. ) ;
#1011 = VECTOR ( 'NONE', #476, 1000.000000000000000 ) ;
#1012 = VECTOR ( 'NONE', #3184, 1000.000000000000000 ) ;
#1013 = CARTESIAN_POINT ( 'NONE',  ( -0.9000000000000002442, 2.204364238465235083E-16, -1.750000000000000000 ) ) ;
#1014 = ORIENTED_EDGE ( 'NONE', *, *, #3515, .T. ) ;
#1015 = LINE ( 'NONE', #1235, #2618 ) ;
#1016 = VECTOR ( 'NONE', #3535, 1000.000000000000000 ) ;
#1017 = LINE ( 'NONE', #995, #2704 ) ;
#1018 = DIRECTION ( 'NONE',  ( 0.000000000000000000, -0.2946324443755280464, -0.9556106543573597012 ) ) ;
#1019 = AXIS2_PLACEMENT_3D ( 'NONE', #2548, #2563, #1395 ) ;
#1020 = AXIS2_PLACEMENT_3D ( 'NONE', #2486, #3302, #3016 ) ;
#1021 = CARTESIAN_POINT ( 'NONE',  ( 1.500000000000000000, -1.227683777812235810, -0.5278053271786800060 ) ) ;
#1022 = VERTEX_POINT ( 'NONE', #3271 ) ;
#1023 = CARTESIAN_POINT ( 'NONE',  ( -1.499999999999999556, 0.000000000000000000, -0.7000000000000000666 ) ) ;
#1024 = PRODUCT_RELATED_PRODUCT_CATEGORY ( 'part', '', ( #1429 ) ) ;
#1025 = EDGE_CURVE ( 'NONE', #892, #2861, #2965, .T. ) ;
#1026 = CARTESIAN_POINT ( 'NONE',  ( 7.799999999999999822, 2.700000000000000178, 1.350000000000000311 ) ) ;
#1027 = DIRECTION ( 'NONE',  ( 0.000000000000000000, 0.000000000000000000, 1.000000000000000000 ) ) ;
#1028 = VERTEX_POINT ( 'NONE', #1911 ) ;
#1029 = ORIENTED_EDGE ( 'NONE', *, *, #1257, .F. ) ;
#1030 = DIRECTION ( 'NONE',  ( -1.000000000000000000, -2.168404344971008868E-16, 0.000000000000000000 ) ) ;
#1031 = ORIENTED_EDGE ( 'NONE', *, *, #6, .F. ) ;
#1032 = EDGE_CURVE ( 'NONE', #1850, #749, #2452, .T. ) ;
#1033 = DIRECTION ( 'NONE',  ( -0.000000000000000000, 1.000000000000000000, -0.000000000000000000 ) ) ;
#1034 = DIRECTION ( 'NONE',  ( 1.000000000000000000, -0.000000000000000000, -0.000000000000000000 ) ) ;
#1035 = CARTESIAN_POINT ( 'NONE',  ( -2.499999999999999112, 2.700000000000000178, 1.350000000000000311 ) ) ;
#1036 = PLANE ( 'NONE',  #1640 ) ;
#1037 = CARTESIAN_POINT ( 'NONE',  ( 1.500000000000000000, -2.700000000000000178, -0.4500000000000000111 ) ) ;
#1038 = DIRECTION ( 'NONE',  ( 0.000000000000000000, 0.000000000000000000, 1.000000000000000000 ) ) ;
#1039 = CARTESIAN_POINT ( 'NONE',  ( 8.250000000000000000, 1.700000000000000178, -1.350000000000000089 ) ) ;
#1040 = CARTESIAN_POINT ( 'NONE',  ( 1.500000000000000000, -2.500000000000000000, -0.4000000000000000222 ) ) ;
#1041 = ORIENTED_EDGE ( 'NONE', *, *, #2648, .F. ) ;
#1042 = ORIENTED_EDGE ( 'NONE', *, *, #2642, .T. ) ;
#1043 = ORIENTED_EDGE ( 'NONE', *, *, #1471, .F. ) ;
#1044 = LINE ( 'NONE', #1105, #888 ) ;
#1045 = ORIENTED_EDGE ( 'NONE', *, *, #560, .T. ) ;
#1046 = VERTEX_POINT ( 'NONE', #2479 ) ;
#1047 = ADVANCED_FACE ( 'NONE', ( #1323 ), #1642, .T. ) ;
#1048 = PRODUCT_DEFINITION_SHAPE ( 'NONE', 'NONE',  #3612 ) ;
#1049 = EDGE_CURVE ( 'NONE', #3305, #2196, #1337, .T. ) ;
#1050 = EDGE_LOOP ( 'NONE', ( #2478, #2490, #1992, #585 ) ) ;
#1051 = APPLICATION_CONTEXT ( 'automotive_design' ) ;
#1052 = PLANE ( 'NONE',  #2222 ) ;
#1053 = CARTESIAN_POINT ( 'NONE',  ( -0.9000000000000002442, 0.1500000000000002165, -1.750000000000000000 ) ) ;
#1054 = EDGE_CURVE ( 'NONE', #1918, #2101, #2427, .T. ) ;
#1055 = DIRECTION ( 'NONE',  ( 0.000000000000000000, -1.000000000000000000, 0.000000000000000000 ) ) ;
#1056 = DIRECTION ( 'NONE',  ( -1.000000000000000000, 0.000000000000000000, 0.000000000000000000 ) ) ;
#1057 = ORIENTED_EDGE ( 'NONE', *, *, #2304, .T. ) ;
#1058 = DIRECTION ( 'NONE',  ( 0.000000000000000000, 0.000000000000000000, -1.000000000000000000 ) ) ;
#1059 = VECTOR ( 'NONE', #3278, 1000.000000000000000 ) ;
#1060 = CARTESIAN_POINT ( 'NONE',  ( -2.999999999999999556, 0.000000000000000000, 1.750000000000000000 ) ) ;
#1061 = DIRECTION ( 'NONE',  ( -1.000000000000000000, 0.000000000000000000, 0.000000000000000000 ) ) ;
#1062 = ORIENTED_EDGE ( 'NONE', *, *, #2271, .T. ) ;
#1063 = VECTOR ( 'NONE', #2124, 1000.000000000000000 ) ;
#1064 = PLANE ( 'NONE',  #2615 ) ;
#1065 = CIRCLE ( 'NONE', #3108, 0.2500000000000000000 ) ;
#1066 = PRESENTATION_STYLE_ASSIGNMENT (( #509 ) ) ;
#1067 = SHAPE_DEFINITION_REPRESENTATION ( #2790, #2387 ) ;
#1068 = DIRECTION ( 'NONE',  ( -0.000000000000000000, -0.000000000000000000, 1.000000000000000000 ) ) ;
#1069 = VECTOR ( 'NONE', #702, 1000.000000000000000 ) ;
#1070 = CARTESIAN_POINT ( 'NONE',  ( 1.500000000000000888, 0.000000000000000000, 1.750000000000000000 ) ) ;
#1071 = CIRCLE ( 'NONE', #3530, 0.1999999999999999833 ) ;
#1072 = DIRECTION ( 'NONE',  ( 0.000000000000000000, 1.000000000000000000, 0.000000000000000000 ) ) ;
#1073 = VECTOR ( 'NONE', #1113, 1000.000000000000000 ) ;
#1074 = FACE_OUTER_BOUND ( 'NONE', #884, .T. ) ;
#1075 = DIRECTION ( 'NONE',  ( 1.000000000000000000, 0.000000000000000000, 0.000000000000000000 ) ) ;
#1076 = CIRCLE ( 'NONE', #1254, 0.7500000000000000000 ) ;
#1077 = EDGE_LOOP ( 'NONE', ( #1094, #276, #3185, #3501, #248, #991, #1119, #1962, #687, #1976, #1389, #498 ) ) ;
#1078 = ORIENTED_EDGE ( 'NONE', *, *, #2971, .F. ) ;
#1079 = CARTESIAN_POINT ( 'NONE',  ( 2.400000000000000355, 0.000000000000000000, -1.750000000000000000 ) ) ;
#1080 = ADVANCED_FACE ( 'NONE', ( #776 ), #3024, .F. ) ;
#1081 = VECTOR ( 'NONE', #2957, 1000.000000000000000 ) ;
#1082 = PRODUCT_DEFINITION_SHAPE ( 'NONE', 'NONE',  #2203 ) ;
#1083 = FACE_OUTER_BOUND ( 'NONE', #1050, .T. ) ;
#1084 = DIRECTION ( 'NONE',  ( -1.000000000000000000, 0.000000000000000000, 0.000000000000000000 ) ) ;
#1085 = VERTEX_POINT ( 'NONE', #3545 ) ;
#1086 = ORIENTED_EDGE ( 'NONE', *, *, #1624, .F. ) ;
#1087 = VECTOR ( 'NONE', #2515, 1000.000000000000000 ) ;
#1088 = AXIS2_PLACEMENT_3D ( 'NONE', #1377, #223, #447 ) ;
#1089 = CONTEXT_DEPENDENT_SHAPE_REPRESENTATION ( #2150, #62 ) ;
#1090 = EDGE_LOOP ( 'NONE', ( #833, #1912, #1175, #870 ) ) ;
#1091 = FACE_OUTER_BOUND ( 'NONE', #1547, .T. ) ;
#1092 = CARTESIAN_POINT ( 'NONE',  ( 1.500000000000000000, -2.500000000000000000, -0.5000000000000000000 ) ) ;
#1093 = PRODUCT_DEFINITION_CONTEXT ( 'detailed design', #2968, 'design' ) ;
#1094 = ORIENTED_EDGE ( 'NONE', *, *, #237, .F. ) ;
#1095 = EDGE_CURVE ( 'NONE', #1735, #1115, #1693, .T. ) ;
#1096 = CARTESIAN_POINT ( 'NONE',  ( 3.600000000000000089, 0.1500000000000002165, 1.750000000000000000 ) ) ;
#1097 = LINE ( 'NONE', #3380, #2351 ) ;
#1098 = ORIENTED_EDGE ( 'NONE', *, *, #1907, .T. ) ;
#1099 = EDGE_CURVE ( 'NONE', #1404, #1947, #2560, .T. ) ;
#1100 = VERTEX_POINT ( 'NONE', #1608 ) ;
#1101 = DIRECTION ( 'NONE',  ( 0.000000000000000000, 0.000000000000000000, 1.000000000000000000 ) ) ;
#1102 = DIRECTION ( 'NONE',  ( -1.000000000000000000, 6.195440985631454331E-16, 0.000000000000000000 ) ) ;
#1103 = ORIENTED_EDGE ( 'NONE', *, *, #2106, .T. ) ;
#1104 = ORIENTED_EDGE ( 'NONE', *, *, #70, .T. ) ;
#1105 = CARTESIAN_POINT ( 'NONE',  ( 1.500000000000000000, -0.9736581110938820061, -0.7110973364106599748 ) ) ;
#1106 = ORIENTED_EDGE ( 'NONE', *, *, #3453, .T. ) ;
#1107 = APPLICATION_PROTOCOL_DEFINITION ( 'draft international standard', 'automotive_design', 1998, #106 ) ;
#1108 = DIRECTION ( 'NONE',  ( 1.000000000000000000, -0.000000000000000000, -0.000000000000000000 ) ) ;
#1109 = DIRECTION ( 'NONE',  ( 0.000000000000000000, 0.000000000000000000, -1.000000000000000000 ) ) ;
#1110 = DIRECTION ( 'NONE',  ( 1.000000000000000000, 0.000000000000000000, 0.000000000000000000 ) ) ;
#1111 = LINE ( 'NONE', #580, #3245 ) ;
#1112 = VERTEX_POINT ( 'NONE', #2441 ) ;
#1113 = DIRECTION ( 'NONE',  ( 1.000000000000000000, 0.000000000000000000, 0.000000000000000000 ) ) ;
#1114 = ORIENTED_EDGE ( 'NONE', *, *, #3582, .T. ) ;
#1115 = VERTEX_POINT ( 'NONE', #2983 ) ;
#1116 = EDGE_CURVE ( 'NONE', #3272, #1951, #2929, .T. ) ;
#1117 = ADVANCED_FACE ( 'NONE', ( #2020 ), #2575, .F. ) ;
#1118 = CARTESIAN_POINT ( 'NONE',  ( 1.500000000000000000, 3.799999999999999822, -0.4500000000000000111 ) ) ;
#1119 = ORIENTED_EDGE ( 'NONE', *, *, #3344, .T. ) ;
#1120 = DIRECTION ( 'NONE',  ( 0.000000000000000000, -1.000000000000000000, 0.000000000000000000 ) ) ;
#1121 = CARTESIAN_POINT ( 'NONE',  ( 0.5999999999999998668, 2.204364238465235083E-16, 1.750000000000000000 ) ) ;
#1122 = AXIS2_PLACEMENT_3D ( 'NONE', #108, #1149, #1434 ) ;
#1123 = APPLICATION_PROTOCOL_DEFINITION ( 'draft international standard', 'automotive_design', 1998, #1550 ) ;
#1124 = EDGE_LOOP ( 'NONE', ( #1253, #467, #2449, #1942 ) ) ;
#1125 = ORIENTED_EDGE ( 'NONE', *, *, #469, .T. ) ;
#1126 = CIRCLE ( 'NONE', #1692, 0.2499999999999999445 ) ;
#1127 = DIRECTION ( 'NONE',  ( -0.000000000000000000, 1.000000000000000000, -0.000000000000000000 ) ) ;
#1128 = DIRECTION ( 'NONE',  ( -0.000000000000000000, -0.000000000000000000, 1.000000000000000000 ) ) ;
#1129 = VECTOR ( 'NONE', #988, 1000.000000000000000 ) ;
#1130 = DIRECTION ( 'NONE',  ( 0.000000000000000000, -1.084202172485504040E-15, 1.000000000000000000 ) ) ;
#1131 = LINE ( 'NONE', #3298, #2867 ) ;
#1132 = AXIS2_PLACEMENT_3D ( 'NONE', #2551, #72, #3428 ) ;
#1133 = FACE_OUTER_BOUND ( 'NONE', #3168, .T. ) ;
#1134 = ORIENTED_EDGE ( 'NONE', *, *, #745, .T. ) ;
#1135 = DIRECTION ( 'NONE',  ( 1.000000000000000000, -0.000000000000000000, 0.000000000000000000 ) ) ;
#1136 = VERTEX_POINT ( 'NONE', #2975 ) ;
#1137 = ORIENTED_EDGE ( 'NONE', *, *, #632, .T. ) ;
#1138 = AXIS2_PLACEMENT_3D ( 'NONE', #2713, #1388, #232 ) ;
#1139 = ORIENTED_EDGE ( 'NONE', *, *, #3132, .T. ) ;
#1140 = CARTESIAN_POINT ( 'NONE',  ( 7.500000000000000888, 1.399999999999999911, -0.7000000000000000666 ) ) ;
#1141 = ORIENTED_EDGE ( 'NONE', *, *, #1322, .F. ) ;
#1142 = EDGE_CURVE ( 'NONE', #1285, #1404, #1315, .T. ) ;
#1143 = AXIS2_PLACEMENT_3D ( 'NONE', #339, #356, #2777 ) ;
#1144 = DIRECTION ( 'NONE',  ( 1.000000000000000000, 1.807003620809174878E-16, 0.000000000000000000 ) ) ;
#1145 = AXIS2_PLACEMENT_3D ( 'NONE', #3029, #567, #319 ) ;
#1146 = VERTEX_POINT ( 'NONE', #3587 ) ;
#1147 = VERTEX_POINT ( 'NONE', #519 ) ;
#1148 = EDGE_CURVE ( 'NONE', #463, #2004, #829, .T. ) ;
#1149 = DIRECTION ( 'NONE',  ( 1.000000000000000000, 0.000000000000000000, 0.000000000000000000 ) ) ;
#1150 = CARTESIAN_POINT ( 'NONE',  ( 5.100000000000000533, 2.204364238465235083E-16, -1.750000000000000000 ) ) ;
#1151 = CARTESIAN_POINT ( 'NONE',  ( -2.999999999999999556, 0.000000000000000000, 1.750000000000000000 ) ) ;
#1152 = ADVANCED_FACE ( 'NONE', ( #1634 ), #2751, .F. ) ;
#1153 = CARTESIAN_POINT ( 'NONE',  ( 1.500000000000000000, -1.899999999999999911, -0.6999999999999999556 ) ) ;
#1154 = ORIENTED_EDGE ( 'NONE', *, *, #2735, .T. ) ;
#1155 = DIRECTION ( 'NONE',  ( 0.000000000000000000, -0.2946324443755280464, -0.9556106543573597012 ) ) ;
#1156 = VERTEX_POINT ( 'NONE', #3023 ) ;
#1157 = EDGE_LOOP ( 'NONE', ( #1704, #1909, #3088, #1010 ) ) ;
#1158 = DIRECTION ( 'NONE',  ( 1.807003620809174878E-16, -1.000000000000000000, -0.000000000000000000 ) ) ;
#1159 = VERTEX_POINT ( 'NONE', #3350 ) ;
#1160 = FACE_OUTER_BOUND ( 'NONE', #3420, .T. ) ;
#1161 = CARTESIAN_POINT ( 'NONE',  ( 1.500000000000000444, 0.000000000000000000, -0.2000000000000001499 ) ) ;
#1162 = LINE ( 'NONE', #3399, #1243 ) ;
#1163 = ORIENTED_EDGE ( 'NONE', *, *, #2076, .T. ) ;
#1164 = ORIENTED_EDGE ( 'NONE', *, *, #3253, .T. ) ;
#1165 = CARTESIAN_POINT ( 'NONE',  ( 8.500000000000000000, 1.099999999999999867, 0.2999999999999990452 ) ) ;
#1166 = ADVANCED_BREP_SHAPE_REPRESENTATION ( '', ( #2366, #913 ), #1772 ) ;
#1167 = EDGE_CURVE ( 'NONE', #1387, #3487, #2459, .T. ) ;
#1168 = EDGE_CURVE ( 'NONE', #2651, #1112, #3312, .T. ) ;
#1169 = CARTESIAN_POINT ( 'NONE',  ( 3.900000000000000799, 0.000000000000000000, -1.750000000000000000 ) ) ;
#1170 = EDGE_LOOP ( 'NONE', ( #3058, #693, #2904, #3518 ) ) ;
#1171 = DIRECTION ( 'NONE',  ( 0.000000000000000000, 0.000000000000000000, 1.000000000000000000 ) ) ;
#1172 = EDGE_CURVE ( 'NONE', #2538, #2082, #2227, .T. ) ;
#1173 = ORIENTED_EDGE ( 'NONE', *, *, #1148, .T. ) ;
#1174 = CARTESIAN_POINT ( 'NONE',  ( 5.100000000000000533, 0.000000000000000000, -1.750000000000000000 ) ) ;
#1175 = ORIENTED_EDGE ( 'NONE', *, *, #2485, .T. ) ;
#1176 = SURFACE_STYLE_FILL_AREA ( #1416 ) ;
#1177 = ORIENTED_EDGE ( 'NONE', *, *, #2525, .T. ) ;
#1178 = EDGE_LOOP ( 'NONE', ( #1761, #1561, #2041, #102 ) ) ;
#1179 = ORIENTED_EDGE ( 'NONE', *, *, #1054, .T. ) ;
#1180 = CARTESIAN_POINT ( 'NONE',  ( 1.500000000000000000, -1.425000000000000044, -0.3000000000000079825 ) ) ;
#1181 = MANIFOLD_SOLID_BREP ( 'NONE', #768 ) ;
#1182 = ORIENTED_EDGE ( 'NONE', *, *, #3294, .F. ) ;
#1183 = VECTOR ( 'NONE', #3045, 1000.000000000000000 ) ;
#1184 = CARTESIAN_POINT ( 'NONE',  ( 1.500000000000000000, 3.799999999999999822, -0.2000000000000000111 ) ) ;
#1185 = AXIS2_PLACEMENT_3D ( 'NONE', #2954, #3526, #1565 ) ;
#1186 = ADVANCED_FACE ( 'NONE', ( #559 ), #3573, .F. ) ;
#1187 = FACE_OUTER_BOUND ( 'NONE', #697, .T. ) ;
#1188 = VERTEX_POINT ( 'NONE', #1661 ) ;
#1189 = PLANE ( 'NONE',  #3064 ) ;
#1190 = VERTEX_POINT ( 'NONE', #2789 ) ;
#1191 = ORIENTED_EDGE ( 'NONE', *, *, #3604, .T. ) ;
#1192 = EDGE_CURVE ( 'NONE', #49, #2280, #1896, .T. ) ;
#1193 = AXIS2_PLACEMENT_3D ( 'NONE', #792, #1891, #1680 ) ;
#1194 = CIRCLE ( 'NONE', #1520, 0.2499999999999997780 ) ;
#1195 = LINE ( 'NONE', #101, #3176 ) ;
#1196 = ADVANCED_FACE ( 'NONE', ( #2757 ), #856, .F. ) ;
#1197 = CARTESIAN_POINT ( 'NONE',  ( 2.400000000000000355, 0.1499999999999999944, -1.750000000000000000 ) ) ;
#1198 = MECHANICAL_DESIGN_GEOMETRIC_PRESENTATION_REPRESENTATION (  '', ( #147 ), #1588 ) ;
#1199 = CARTESIAN_POINT ( 'NONE',  ( -2.500000000000000444, 4.299999999999999822, -0.7999999999999994893 ) ) ;
#1200 = DIRECTION ( 'NONE',  ( 0.000000000000000000, -1.000000000000000000, 0.000000000000000000 ) ) ;
#1201 = ORIENTED_EDGE ( 'NONE', *, *, #99, .T. ) ;
#1202 = VECTOR ( 'NONE', #471, 1000.000000000000227 ) ;
#1203 = EDGE_LOOP ( 'NONE', ( #2155, #2800, #3123, #2121 ) ) ;
#1204 = CARTESIAN_POINT ( 'NONE',  ( -2.999999999999999556, 4.500000000000000000, 0.1999999999999984568 ) ) ;
#1205 = AXIS2_PLACEMENT_3D ( 'NONE', #2073, #3476, #3274 ) ;
#1206 = LINE ( 'NONE', #1169, #2065 ) ;
#1207 = PRODUCT_DEFINITION_FORMATION_WITH_SPECIFIED_SOURCE ( 'ANY', '', #3093, .NOT_KNOWN. ) ;
#1208 = ORIENTED_EDGE ( 'NONE', *, *, #1168, .T. ) ;
#1209 = LINE ( 'NONE', #1736, #966 ) ;
#1210 = CARTESIAN_POINT ( 'NONE',  ( 9.000000000000001776, 0.7500000000000000000, -1.550000000000000044 ) ) ;
#1211 = EDGE_CURVE ( 'NONE', #3031, #2055, #3331, .T. ) ;
#1212 = PLANE ( 'NONE',  #2883 ) ;
#1213 = EDGE_CURVE ( 'NONE', #2299, #155, #294, .T. ) ;
#1214 = EDGE_CURVE ( 'NONE', #2082, #1156, #1950, .T. ) ;
#1215 = CARTESIAN_POINT ( 'NONE',  ( 1.500000000000000000, -1.375000000000000000, -0.05000000000000000278 ) ) ;
#1216 = DIRECTION ( 'NONE',  ( -1.000000000000000000, -2.168404344971006896E-16, 0.000000000000000000 ) ) ;
#1217 = LINE ( 'NONE', #645, #3361 ) ;
#1218 = ORIENTED_EDGE ( 'NONE', *, *, #3033, .T. ) ;
#1219 = ORIENTED_EDGE ( 'NONE', *, *, #3150, .F. ) ;
#1220 = LINE ( 'NONE', #2853, #589 ) ;
#1221 = FILL_AREA_STYLE ('',( #1450 ) ) ;
#1222 = LINE ( 'NONE', #940, #324 ) ;
#1223 = VERTEX_POINT ( 'NONE', #1121 ) ;
#1224 = FACE_OUTER_BOUND ( 'NONE', #2627, .T. ) ;
#1225 = DIRECTION ( 'NONE',  ( 0.000000000000000000, 0.000000000000000000, -1.000000000000000000 ) ) ;
#1226 = DIRECTION ( 'NONE',  ( 1.000000000000000000, 0.000000000000000000, 0.000000000000000000 ) ) ;
#1227 = LINE ( 'NONE', #2865, #2988 ) ;
#1228 = DIRECTION ( 'NONE',  ( 0.000000000000000000, -1.000000000000000000, -1.807003620809173892E-16 ) ) ;
#1229 = DIRECTION ( 'NONE',  ( -1.000000000000000000, -1.807003620809174632E-16, -0.000000000000000000 ) ) ;
#1230 = VERTEX_POINT ( 'NONE', #3133 ) ;
#1231 = ADVANCED_FACE ( 'NONE', ( #628 ), #2890, .T. ) ;
#1232 = VECTOR ( 'NONE', #3287, 1000.000000000000000 ) ;
#1233 = DIRECTION ( 'NONE',  ( 0.000000000000000000, 0.000000000000000000, 1.000000000000000000 ) ) ;
#1234 = ORIENTED_EDGE ( 'NONE', *, *, #2925, .T. ) ;
#1235 = CARTESIAN_POINT ( 'NONE',  ( 0.9000000000000002442, 0.1499999999999999944, -1.750000000000000000 ) ) ;
#1236 = DIRECTION ( 'NONE',  ( 0.000000000000000000, 8.673617379884035472E-16, -1.000000000000000000 ) ) ;
#1237 = VECTOR ( 'NONE', #1327, 1000.000000000000000 ) ;
#1238 = FACE_OUTER_BOUND ( 'NONE', #1824, .T. ) ;
#1239 = VECTOR ( 'NONE', #1660, 1000.000000000000000 ) ;
#1240 = FACE_OUTER_BOUND ( 'NONE', #2846, .T. ) ;
#1241 = ORIENTED_EDGE ( 'NONE', *, *, #3556, .F. ) ;
#1242 = CARTESIAN_POINT ( 'NONE',  ( 3.000000000000000444, 0.000000000000000000, -0.4500000000000001221 ) ) ;
#1243 = VECTOR ( 'NONE', #61, 1000.000000000000000 ) ;
#1244 = FACE_OUTER_BOUND ( 'NONE', #1357, .T. ) ;
#1245 = AXIS2_PLACEMENT_3D ( 'NONE', #1688, #2323, #2378 ) ;
#1246 = DIRECTION ( 'NONE',  ( 0.000000000000000000, 1.000000000000000000, 0.000000000000000000 ) ) ;
#1247 = DIRECTION ( 'NONE',  ( 0.000000000000000000, 0.000000000000000000, -1.000000000000000000 ) ) ;
#1248 = ORIENTED_EDGE ( 'NONE', *, *, #564, .T. ) ;
#1249 = AXIS2_PLACEMENT_3D ( 'NONE', #2804, #1158, #948 ) ;
#1250 = VECTOR ( 'NONE', #917, 1000.000000000000000 ) ;
#1251 = DIRECTION ( 'NONE',  ( 0.000000000000000000, 0.000000000000000000, 1.000000000000000000 ) ) ;
#1252 = DIRECTION ( 'NONE',  ( 1.000000000000000000, 1.807003620809174878E-16, 0.000000000000000000 ) ) ;
#1253 = ORIENTED_EDGE ( 'NONE', *, *, #253, .T. ) ;
#1254 = AXIS2_PLACEMENT_3D ( 'NONE', #3138, #1056, #442 ) ;
#1255 = CARTESIAN_POINT ( 'NONE',  ( 1.500000000000000000, 3.799999999999999822, -0.4500000000000000111 ) ) ;
#1256 = CARTESIAN_POINT ( 'NONE',  ( 1.500000000000000000, -0.9000000000000000222, -0.9499999999999999556 ) ) ;
#1257 = EDGE_CURVE ( 'NONE', #2488, #3555, #1065, .T. ) ;
#1258 = VECTOR ( 'NONE', #530, 1000.000000000000000 ) ;
#1259 = FACE_OUTER_BOUND ( 'NONE', #1077, .T. ) ;
#1260 = EDGE_LOOP ( 'NONE', ( #1141, #3412, #3576, #1893 ) ) ;
#1261 = CARTESIAN_POINT ( 'NONE',  ( 4.642970389728856592E-16, 0.000000000000000000, -0.7000000000000000666 ) ) ;
#1262 = LINE ( 'NONE', #1558, #3423 ) ;
#1263 = CONTEXT_DEPENDENT_SHAPE_REPRESENTATION ( #3364, #1048 ) ;
#1264 = LINE ( 'NONE', #2940, #1011 ) ;
#1265 = CARTESIAN_POINT ( 'NONE',  ( 8.500000000000000000, 1.700000000000000178, 1.350000000000000311 ) ) ;
#1266 = ORIENTED_EDGE ( 'NONE', *, *, #2043, .F. ) ;
#1267 = ORIENTED_EDGE ( 'NONE', *, *, #2611, .T. ) ;
#1268 = ORIENTED_EDGE ( 'NONE', *, *, #1779, .F. ) ;
#1269 = ORIENTED_EDGE ( 'NONE', *, *, #3429, .F. ) ;
#1270 = CARTESIAN_POINT ( 'NONE',  ( -2.999999999999999556, 3.100000000000000089, -0.7999999999999999334 ) ) ;
#1271 = ORIENTED_EDGE ( 'NONE', *, *, #2333, .T. ) ;
#1272 = CARTESIAN_POINT ( 'NONE',  ( 1.500000000000000000, -1.572316222187764900, -0.5278053271786800060 ) ) ;
#1273 = ADVANCED_FACE ( 'NONE', ( #398 ), #1515, .T. ) ;
#1274 = EDGE_CURVE ( 'NONE', #759, #1586, #2809, .T. ) ;
#1275 = CARTESIAN_POINT ( 'NONE',  ( 6.599999999999999645, 0.1500000000000002165, 1.750000000000000000 ) ) ;
#1276 = DIRECTION ( 'NONE',  ( -0.000000000000000000, 1.000000000000000000, -0.000000000000000000 ) ) ;
#1277 = ORIENTED_EDGE ( 'NONE', *, *, #2491, .T. ) ;
#1278 = EDGE_CURVE ( 'NONE', #1460, #3272, #2578, .T. ) ;
#1279 = DIRECTION ( 'NONE',  ( 0.000000000000000000, 0.000000000000000000, -1.000000000000000000 ) ) ;
#1280 = CARTESIAN_POINT ( 'NONE',  ( 2.499999999999999556, 1.399999999999999911, -1.349999999999999867 ) ) ;
#1281 = ORIENTED_EDGE ( 'NONE', *, *, #473, .T. ) ;
#1282 = CYLINDRICAL_SURFACE ( 'NONE', #903, 0.2500000000000000000 ) ;
#1283 = CARTESIAN_POINT ( 'NONE',  ( 8.099999999999999645, 2.204364238465235083E-16, 1.750000000000000000 ) ) ;
#1284 = FACE_OUTER_BOUND ( 'NONE', #1178, .T. ) ;
#1285 = VERTEX_POINT ( 'NONE', #1199 ) ;
#1286 =( NAMED_UNIT ( * ) SI_UNIT ( $, .STERADIAN. ) SOLID_ANGLE_UNIT ( ) );
#1287 = ORIENTED_EDGE ( 'NONE', *, *, #1906, .T. ) ;
#1288 = CARTESIAN_POINT ( 'NONE',  ( 1.500000000000000000, -1.425000000000000044, -0.05000000000000000278 ) ) ;
#1289 = ORIENTED_EDGE ( 'NONE', *, *, #1025, .F. ) ;
#1290 = CARTESIAN_POINT ( 'NONE',  ( 6.000000000000000000, 0.000000000000000000, -0.7000000000000000666 ) ) ;
#1291 = CARTESIAN_POINT ( 'NONE',  ( 1.500000000000000000, -1.899999999999999911, -0.9499999999999999556 ) ) ;
#1292 = DIRECTION ( 'NONE',  ( 0.000000000000000000, 0.9556106543573598122, -0.2946324443755284350 ) ) ;
#1293 = EDGE_CURVE ( 'NONE', #1028, #49, #937, .T. ) ;
#1294 = AXIS2_PLACEMENT_3D ( 'NONE', #2994, #2415, #1279 ) ;
#1295 = DIRECTION ( 'NONE',  ( 0.000000000000000000, 0.000000000000000000, -1.000000000000000000 ) ) ;
#1296 = AXIS2_PLACEMENT_3D ( 'NONE', #1197, #1926, #626 ) ;
#1297 = DIRECTION ( 'NONE',  ( 0.000000000000000000, -0.000000000000000000, -1.000000000000000000 ) ) ;
#1298 = VECTOR ( 'NONE', #538, 1000.000000000000000 ) ;
#1299 = LINE ( 'NONE', #1265, #1988 ) ;
#1300 = ORIENTED_EDGE ( 'NONE', *, *, #1167, .T. ) ;
#1301 = EDGE_LOOP ( 'NONE', ( #85, #2782, #3207, #2358 ) ) ;
#1302 = AXIS2_PLACEMENT_3D ( 'NONE', #3242, #192, #2151 ) ;
#1303 = CARTESIAN_POINT ( 'NONE',  ( -4.500000000000000888, 4.336808689942017736E-16, -1.084202172485504434E-16 ) ) ;
#1304 = CIRCLE ( 'NONE', #2231, 0.2500000000000000000 ) ;
#1305 = DIRECTION ( 'NONE',  ( -0.000000000000000000, -0.000000000000000000, 1.000000000000000000 ) ) ;
#1306 = ORIENTED_EDGE ( 'NONE', *, *, #650, .F. ) ;
#1307 =( GEOMETRIC_REPRESENTATION_CONTEXT ( 3 ) GLOBAL_UNCERTAINTY_ASSIGNED_CONTEXT ( ( #3610 ) ) GLOBAL_UNIT_ASSIGNED_CONTEXT ( ( #3052, #2749, #3606 ) ) REPRESENTATION_CONTEXT ( 'NONE', 'WORKASPACE' ) );
#1308 = PLANE ( 'NONE',  #2939 ) ;
#1309 = ORIENTED_EDGE ( 'NONE', *, *, #2532, .T. ) ;
#1310 = CIRCLE ( 'NONE', #2573, 0.2500000000000000000 ) ;
#1311 = DIRECTION ( 'NONE',  ( -1.807003620809174878E-16, 1.000000000000000000, 0.000000000000000000 ) ) ;
#1312 = VECTOR ( 'NONE', #1313, 1000.000000000000000 ) ;
#1313 = DIRECTION ( 'NONE',  ( -0.000000000000000000, -1.000000000000000000, -0.000000000000000000 ) ) ;
#1314 = DIRECTION ( 'NONE',  ( 0.000000000000000000, -0.7071067811865462405, -0.7071067811865489050 ) ) ;
#1315 = LINE ( 'NONE', #2783, #663 ) ;
#1316 = AXIS2_PLACEMENT_3D ( 'NONE', #3011, #15, #3562 ) ;
#1317 = EDGE_CURVE ( 'NONE', #3032, #2651, #333, .T. ) ;
#1318 = LINE ( 'NONE', #2785, #778 ) ;
#1319 = LINE ( 'NONE', #2420, #2173 ) ;
#1320 = EDGE_LOOP ( 'NONE', ( #68, #2892, #3129, #2729 ) ) ;
#1321 = DIRECTION ( 'NONE',  ( 1.000000000000000000, 0.000000000000000000, 0.000000000000000000 ) ) ;
#1322 = EDGE_CURVE ( 'NONE', #976, #465, #2527, .T. ) ;
#1323 = FACE_OUTER_BOUND ( 'NONE', #2044, .T. ) ;
#1324 = PLANE ( 'NONE',  #837 ) ;
#1325 = CARTESIAN_POINT ( 'NONE',  ( 6.000000000000000000, 0.1500000000000001055, -0.4500000000000001221 ) ) ;
#1326 = CARTESIAN_POINT ( 'NONE',  ( 6.899999999999999467, 0.1499999999999999944, -1.750000000000000000 ) ) ;
#1327 = DIRECTION ( 'NONE',  ( 0.000000000000000000, 1.000000000000000000, 0.000000000000000000 ) ) ;
#1328 = DIRECTION ( 'NONE',  ( 0.000000000000000000, -0.7071067811865454633, 0.7071067811865496822 ) ) ;
#1329 = CARTESIAN_POINT ( 'NONE',  ( 4.500000000000000888, 0.1500000000000001055, -0.2000000000000001499 ) ) ;
#1330 = DIRECTION ( 'NONE',  ( 1.000000000000000000, 0.000000000000000000, 0.000000000000000000 ) ) ;
#1331 = CARTESIAN_POINT ( 'NONE',  ( 0.9000000000000002442, 0.000000000000000000, -1.750000000000000000 ) ) ;
#1332 = DIRECTION ( 'NONE',  ( 0.000000000000000000, -0.000000000000000000, -1.000000000000000000 ) ) ;
#1333 = EDGE_CURVE ( 'NONE', #723, #452, #1217, .T. ) ;
#1334 = SURFACE_SIDE_STYLE ('',( #1604 ) ) ;
#1335 = APPLICATION_PROTOCOL_DEFINITION ( 'draft international standard', 'automotive_design', 1998, #2968 ) ;
#1336 = ORIENTED_EDGE ( 'NONE', *, *, #704, .F. ) ;
#1337 = LINE ( 'NONE', #1150, #2510 ) ;
#1338 = DIRECTION ( 'NONE',  ( -1.000000000000000000, 0.000000000000000000, -0.000000000000000000 ) ) ;
#1339 = DIRECTION ( 'NONE',  ( -1.000000000000000000, -0.000000000000000000, -0.000000000000000000 ) ) ;
#1340 = DIRECTION ( 'NONE',  ( -1.000000000000000000, -2.168404344971006896E-16, 0.000000000000000000 ) ) ;
#1341 = DIRECTION ( 'NONE',  ( -0.000000000000000000, 1.000000000000000000, -0.000000000000000000 ) ) ;
#1342 = CARTESIAN_POINT ( 'NONE',  ( 1.500000000000000000, -1.047316222187764101, -0.4721946728213209932 ) ) ;
#1343 = CARTESIAN_POINT ( 'NONE',  ( 9.000000000000001776, 4.500000000000000000, -0.9999999999999978906 ) ) ;
#1344 = EDGE_LOOP ( 'NONE', ( #295, #1818, #3289, #1219 ) ) ;
#1345 = ORIENTED_EDGE ( 'NONE', *, *, #1192, .F. ) ;
#1346 = AXIS2_PLACEMENT_3D ( 'NONE', #2442, #298, #3335 ) ;
#1347 = FACE_OUTER_BOUND ( 'NONE', #2974, .T. ) ;
#1348 = VERTEX_POINT ( 'NONE', #605 ) ;
#1349 = VECTOR ( 'NONE', #2314, 1000.000000000000000 ) ;
#1350 = LINE ( 'NONE', #2457, #1059 ) ;
#1351 = STYLED_ITEM ( 'NONE', ( #1066 ), #1181 ) ;
#1352 =( LENGTH_UNIT ( ) NAMED_UNIT ( * ) SI_UNIT ( .MILLI., .METRE. ) );
#1353 = EDGE_CURVE ( 'NONE', #1115, #3432, #2866, .T. ) ;
#1354 = ITEM_DEFINED_TRANSFORMATION ( 'NONE', 'NONE', #2953,  #913 ) ;
#1355 = VERTEX_POINT ( 'NONE', #1476 ) ;
#1356 = LINE ( 'NONE', #466, #3468 ) ;
#1357 = EDGE_LOOP ( 'NONE', ( #2621, #1808, #510, #2598 ) ) ;
#1358 = AXIS2_PLACEMENT_3D ( 'NONE', #1040, #755, #1247 ) ;
#1359 = DIRECTION ( 'NONE',  ( 0.000000000000000000, 0.000000000000000000, -1.000000000000000000 ) ) ;
#1360 = EDGE_CURVE ( 'NONE', #150, #3503, #2039, .T. ) ;
#1361 = CIRCLE ( 'NONE', #2876, 0.2500000000000002220 ) ;
#1362 = STYLED_ITEM ( 'NONE', ( #827 ), #2366 ) ;
#1363 = EDGE_CURVE ( 'NONE', #266, #2016, #120, .T. ) ;
#1364 = DIRECTION ( 'NONE',  ( -1.000000000000000000, -1.807003620809174632E-16, -0.000000000000000000 ) ) ;
#1365 = ORIENTED_EDGE ( 'NONE', *, *, #2611, .F. ) ;
#1366 = AXIS2_PLACEMENT_3D ( 'NONE', #202, #283, #3355 ) ;
#1367 = EDGE_LOOP ( 'NONE', ( #2928, #2376 ) ) ;
#1368 = VECTOR ( 'NONE', #2144, 1000.000000000000000 ) ;
#1369 = PRODUCT ( 'BxB-ZR_7', 'BxB-ZR_7', '', ( #3061 ) ) ;
#1370 = CARTESIAN_POINT ( 'NONE',  ( -1.499999999999999556, 0.1500000000000001055, -0.4500000000000001221 ) ) ;
#1371 = ORIENTED_EDGE ( 'NONE', *, *, #473, .F. ) ;
#1372 = VECTOR ( 'NONE', #2702, 1000.000000000000000 ) ;
#1373 = CARTESIAN_POINT ( 'NONE',  ( 9.000000000000001776, 0.000000000000000000, 1.750000000000000000 ) ) ;
#1374 = ORIENTED_EDGE ( 'NONE', *, *, #289, .F. ) ;
#1375 = FACE_BOUND ( 'NONE', #194, .T. ) ;
#1376 = DIRECTION ( 'NONE',  ( 0.000000000000000000, 1.000000000000000000, 0.000000000000000000 ) ) ;
#1377 = CARTESIAN_POINT ( 'NONE',  ( 1.500000000000000000, -2.500000000000000000, -0.4000000000000000222 ) ) ;
#1378 = DIRECTION ( 'NONE',  ( -1.000000000000000000, -1.807003620809174632E-16, -0.000000000000000000 ) ) ;
#1379 = PRODUCT_DEFINITION_CONTEXT ( 'detailed design', #2286, 'design' ) ;
#1380 = EDGE_CURVE ( 'NONE', #919, #1422, #3111, .T. ) ;
#1381 = EDGE_CURVE ( 'NONE', #1136, #272, #1445, .T. ) ;
#1382 = FACE_OUTER_BOUND ( 'NONE', #2716, .T. ) ;
#1383 = PLANE ( 'NONE',  #1020 ) ;
#1384 = ORIENTED_EDGE ( 'NONE', *, *, #2355, .F. ) ;
#1385 = FILL_AREA_STYLE ('',( #1890 ) ) ;
#1386 = ORIENTED_EDGE ( 'NONE', *, *, #810, .F. ) ;
#1387 = VERTEX_POINT ( 'NONE', #3516 ) ;
#1388 = DIRECTION ( 'NONE',  ( 0.000000000000000000, 1.000000000000000000, 0.000000000000000000 ) ) ;
#1389 = ORIENTED_EDGE ( 'NONE', *, *, #1730, .F. ) ;
#1390 = CARTESIAN_POINT ( 'NONE',  ( 2.400000000000000355, 0.000000000000000000, -1.750000000000000000 ) ) ;
#1391 = CARTESIAN_POINT ( 'NONE',  ( -2.999999999999999556, 0.7500000000000000000, -1.750000000000000000 ) ) ;
#1392 = PRODUCT_CONTEXT ( 'NONE', #1550, 'mechanical' ) ;
#1393 = ORIENTED_EDGE ( 'NONE', *, *, #2137, .F. ) ;
#1394 = CARTESIAN_POINT ( 'NONE',  ( 8.500000000000000000, 4.500000000000000000, 1.350000000000000089 ) ) ;
#1395 = DIRECTION ( 'NONE',  ( 0.000000000000000000, 0.000000000000000000, -1.000000000000000000 ) ) ;
#1396 = CARTESIAN_POINT ( 'NONE',  ( 8.099999999999999645, 0.1500000000000002165, 1.750000000000000000 ) ) ;
#1397 = LINE ( 'NONE', #320, #843 ) ;
#1398 = EDGE_CURVE ( 'NONE', #161, #2428, #952, .T. ) ;
#1399 = ORIENTED_EDGE ( 'NONE', *, *, #783, .F. ) ;
#1400 = ORIENTED_EDGE ( 'NONE', *, *, #48, .F. ) ;
#1401 = DIRECTION ( 'NONE',  ( 0.000000000000000000, -0.000000000000000000, -1.000000000000000000 ) ) ;
#1402 = ADVANCED_FACE ( 'NONE', ( #1832 ), #2634, .T. ) ;
#1403 = FACE_OUTER_BOUND ( 'NONE', #818, .T. ) ;
#1404 = VERTEX_POINT ( 'NONE', #1794 ) ;
#1405 = VECTOR ( 'NONE', #3387, 1000.000000000000000 ) ;
#1406 = LINE ( 'NONE', #2495, #3165 ) ;
#1407 = DIRECTION ( 'NONE',  ( -0.000000000000000000, -0.000000000000000000, -1.000000000000000000 ) ) ;
#1408 = ADVANCED_FACE ( 'NONE', ( #2656 ), #735, .F. ) ;
#1409 = CIRCLE ( 'NONE', #2923, 0.2499999999999999445 ) ;
#1410 = VECTOR ( 'NONE', #1949, 1000.000000000000000 ) ;
#1411 = DIRECTION ( 'NONE',  ( 0.000000000000000000, 0.000000000000000000, -1.000000000000000000 ) ) ;
#1412 = VECTOR ( 'NONE', #523, 1000.000000000000000 ) ;
#1413 = LINE ( 'NONE', #2013, #2819 ) ;
#1414 = VECTOR ( 'NONE', #2536, 1000.000000000000000 ) ;
#1415 = DIRECTION ( 'NONE',  ( 0.000000000000000000, 0.9556106543573598122, 0.2946324443755284350 ) ) ;
#1416 = FILL_AREA_STYLE ('',( #640 ) ) ;
#1417 = ORIENTED_EDGE ( 'NONE', *, *, #1426, .F. ) ;
#1418 = AXIS2_PLACEMENT_3D ( 'NONE', #1543, #176, #3517 ) ;
#1419 = ORIENTED_EDGE ( 'NONE', *, *, #184, .F. ) ;
#1420 = VECTOR ( 'NONE', #2435, 1000.000000000000000 ) ;
#1421 = CARTESIAN_POINT ( 'NONE',  ( -2.500000000000000444, 1.099999999999999867, 1.350000000000000089 ) ) ;
#1422 = VERTEX_POINT ( 'NONE', #2919 ) ;
#1423 = CIRCLE ( 'NONE', #391, 0.2500000000000000000 ) ;
#1424 = EDGE_CURVE ( 'NONE', #1085, #2688, #2110, .T. ) ;
#1425 = PLANE ( 'NONE',  #2985 ) ;
#1426 = EDGE_CURVE ( 'NONE', #806, #880, #3484, .T. ) ;
#1427 = CARTESIAN_POINT ( 'NONE',  ( 1.500000000000000000, -1.752683777812235055, -0.4721946728213200495 ) ) ;
#1428 = CIRCLE ( 'NONE', #506, 0.2499999999999999445 ) ;
#1429 = PRODUCT ( 'pin_straight', 'pin_straight', '', ( #3351 ) ) ;
#1430 = ORIENTED_EDGE ( 'NONE', *, *, #3349, .T. ) ;
#1431 = CARTESIAN_POINT ( 'NONE',  ( 6.899999999999999467, 0.1499999999999999944, -1.750000000000000000 ) ) ;
#1432 = EDGE_CURVE ( 'NONE', #41, #2299, #2398, .T. ) ;
#1433 = VECTOR ( 'NONE', #1882, 1000.000000000000000 ) ;
#1434 = DIRECTION ( 'NONE',  ( 0.000000000000000000, 0.000000000000000000, 1.000000000000000000 ) ) ;
#1435 = FACE_OUTER_BOUND ( 'NONE', #2518, .T. ) ;
#1436 = EDGE_LOOP ( 'NONE', ( #667, #2394, #1633, #2152 ) ) ;
#1437 = CARTESIAN_POINT ( 'NONE',  ( -2.999999999999999556, 4.500000000000000000, 1.750000000000000000 ) ) ;
#1438 = LINE ( 'NONE', #930, #1414 ) ;
#1439 = LINE ( 'NONE', #3085, #1250 ) ;
#1440 = ORIENTED_EDGE ( 'NONE', *, *, #1054, .F. ) ;
#1441 = ORIENTED_EDGE ( 'NONE', *, *, #1686, .T. ) ;
#1442 = ORIENTED_EDGE ( 'NONE', *, *, #3038, .T. ) ;
#1443 = DIRECTION ( 'NONE',  ( -1.000000000000000000, 0.000000000000000000, 0.000000000000000000 ) ) ;
#1444 = CARTESIAN_POINT ( 'NONE',  ( -1.799999999999998934, 2.700000000000000178, 1.350000000000000311 ) ) ;
#1445 = LINE ( 'NONE', #2541, #1129 ) ;
#1446 = ORIENTED_EDGE ( 'NONE', *, *, #2026, .T. ) ;
#1447 = EDGE_CURVE ( 'NONE', #155, #2650, #1264, .T. ) ;
#1448 = ORIENTED_EDGE ( 'NONE', *, *, #1172, .T. ) ;
#1449 = LINE ( 'NONE', #2544, #539 ) ;
#1450 = FILL_AREA_STYLE_COLOUR ( '', #3319 ) ;
#1451 = CARTESIAN_POINT ( 'NONE',  ( 3.900000000000000799, 0.1499999999999999944, -1.750000000000000000 ) ) ;
#1452 = DIRECTION ( 'NONE',  ( 0.000000000000000000, -1.000000000000000000, -1.232047923278981706E-16 ) ) ;
#1453 = CARTESIAN_POINT ( 'NONE',  ( 8.500000000000000000, 2.700000000000000178, -1.750000000000000000 ) ) ;
#1454 = DIRECTION ( 'NONE',  ( 0.000000000000000000, 1.000000000000000000, 0.000000000000000000 ) ) ;
#1455 = ORIENTED_EDGE ( 'NONE', *, *, #289, .T. ) ;
#1456 = ORIENTED_EDGE ( 'NONE', *, *, #2136, .T. ) ;
#1457 = CARTESIAN_POINT ( 'NONE',  ( 7.500000000000000888, 0.1500000000000001055, -0.4500000000000001221 ) ) ;
#1458 = DIRECTION ( 'NONE',  ( 0.000000000000000000, 0.7071067811865497932, -0.7071067811865452413 ) ) ;
#1459 = FACE_OUTER_BOUND ( 'NONE', #366, .T. ) ;
#1460 = VERTEX_POINT ( 'NONE', #716 ) ;
#1461 = DIRECTION ( 'NONE',  ( -0.000000000000000000, -0.000000000000000000, 1.000000000000000000 ) ) ;
#1462 = AXIS2_PLACEMENT_3D ( 'NONE', #2187, #1341, #2447 ) ;
#1463 = LINE ( 'NONE', #1151, #440 ) ;
#1464 = AXIS2_PLACEMENT_3D ( 'NONE', #126, #1531, #978 ) ;
#1465 = EDGE_CURVE ( 'NONE', #2787, #2117, #2062, .T. ) ;
#1466 = AXIS2_PLACEMENT_3D ( 'NONE', #3041, #2157, #3008 ) ;
#1467 = DIRECTION ( 'NONE',  ( 0.000000000000000000, 1.000000000000000000, 0.000000000000000000 ) ) ;
#1468 = FACE_OUTER_BOUND ( 'NONE', #2775, .T. ) ;
#1469 = ORIENTED_EDGE ( 'NONE', *, *, #1545, .F. ) ;
#1470 = AXIS2_PLACEMENT_3D ( 'NONE', #3000, #308, #1401 ) ;
#1471 = EDGE_CURVE ( 'NONE', #478, #880, #460, .T. ) ;
#1472 = VECTOR ( 'NONE', #3219, 1000.000000000000000 ) ;
#1473 = ORIENTED_EDGE ( 'NONE', *, *, #2572, .T. ) ;
#1474 = LINE ( 'NONE', #119, #376 ) ;
#1475 = AXIS2_PLACEMENT_3D ( 'NONE', #2958, #2607, #3480 ) ;
#1476 = CARTESIAN_POINT ( 'NONE',  ( 6.899999999999999467, 0.1499999999999999944, -1.750000000000000000 ) ) ;
#1477 = CARTESIAN_POINT ( 'NONE',  ( -2.999999999999999556, 3.100000000000000089, -2.168404344971008868E-16 ) ) ;
#1478 = VECTOR ( 'NONE', #2705, 1000.000000000000000 ) ;
#1479 = VERTEX_POINT ( 'NONE', #3188 ) ;
#1480 = CARTESIAN_POINT ( 'NONE',  ( 3.600000000000000089, 0.1500000000000002165, -1.750000000000000000 ) ) ;
#1481 = AXIS2_PLACEMENT_3D ( 'NONE', #2256, #3096, #593 ) ;
#1482 = LINE ( 'NONE', #388, #3296 ) ;
#1483 = ORIENTED_EDGE ( 'NONE', *, *, #1821, .T. ) ;
#1484 = PLANE ( 'NONE',  #3377 ) ;
#1485 = CARTESIAN_POINT ( 'NONE',  ( 3.000000000000000444, 3.100000000000000089, -0.7999999999999999334 ) ) ;
#1486 = ORIENTED_EDGE ( 'NONE', *, *, #2945, .T. ) ;
#1487 = EDGE_CURVE ( 'NONE', #2738, #691, #140, .T. ) ;
#1488 = EDGE_CURVE ( 'NONE', #3470, #1586, #1576, .T. ) ;
#1489 = CARTESIAN_POINT ( 'NONE',  ( 8.099999999999999645, 0.1500000000000002165, -1.750000000000000000 ) ) ;
#1490 = DIRECTION ( 'NONE',  ( -1.000000000000000000, 0.000000000000000000, 0.000000000000000000 ) ) ;
#1491 = ORIENTED_EDGE ( 'NONE', *, *, #406, .F. ) ;
#1492 = VERTEX_POINT ( 'NONE', #1283 ) ;
#1493 =( NAMED_UNIT ( * ) SI_UNIT ( $, .STERADIAN. ) SOLID_ANGLE_UNIT ( ) );
#1494 = DIRECTION ( 'NONE',  ( 0.000000000000000000, 1.000000000000000000, 0.000000000000000000 ) ) ;
#1495 = DIRECTION ( 'NONE',  ( 0.000000000000000000, 1.000000000000000000, 1.807003620809173892E-16 ) ) ;
#1496 = DIRECTION ( 'NONE',  ( -1.000000000000000000, -1.807003620809174878E-16, 0.000000000000000000 ) ) ;
#1497 = LINE ( 'NONE', #1477, #3581 ) ;
#1498 = CARTESIAN_POINT ( 'NONE',  ( -2.500000000000000444, 1.099999999999999867, 1.350000000000000089 ) ) ;
#1499 = EDGE_CURVE ( 'NONE', #1897, #3363, #2362, .T. ) ;
#1500 = PLANE ( 'NONE',  #1475 ) ;
#1501 = ORIENTED_EDGE ( 'NONE', *, *, #2916, .F. ) ;
#1502 = CARTESIAN_POINT ( 'NONE',  ( 0.9000000000000002442, 4.500000000000000000, 1.750000000000000000 ) ) ;
#1503 = CARTESIAN_POINT ( 'NONE',  ( -1.499999999999999556, 0.000000000000000000, -1.750000000000000000 ) ) ;
#1504 = ORIENTED_EDGE ( 'NONE', *, *, #766, .F. ) ;
#1505 =( NAMED_UNIT ( * ) SI_UNIT ( $, .STERADIAN. ) SOLID_ANGLE_UNIT ( ) );
#1506 = CARTESIAN_POINT ( 'NONE',  ( -2.999999999999999556, 1.100000000000000089, -1.550000000000000044 ) ) ;
#1507 = ORIENTED_EDGE ( 'NONE', *, *, #1525, .F. ) ;
#1508 =( REPRESENTATION_RELATIONSHIP ('NONE','NONE', #2387, #2543 ) REPRESENTATION_RELATIONSHIP_WITH_TRANSFORMATION ( #1354 )SHAPE_REPRESENTATION_RELATIONSHIP( ) );
#1509 = VECTOR ( 'NONE', #1127, 1000.000000000000000 ) ;
#1510 = CARTESIAN_POINT ( 'NONE',  ( -2.999999999999999556, 0.000000000000000000, 1.750000000000000000 ) ) ;
#1511 = DIRECTION ( 'NONE',  ( 0.000000000000000000, 0.000000000000000000, -1.000000000000000000 ) ) ;
#1512 = VECTOR ( 'NONE', #409, 1000.000000000000000 ) ;
#1513 = LINE ( 'NONE', #2105, #1766 ) ;
#1514 = ORIENTED_EDGE ( 'NONE', *, *, #810, .T. ) ;
#1515 = TOROIDAL_SURFACE ( 'NONE', #1985, 0.05000000000000000278, 0.2000000000000000111 ) ;
#1516 = CARTESIAN_POINT ( 'NONE',  ( 3.000000000000000444, 3.100000000000000089, -2.168404344971008868E-16 ) ) ;
#1517 = FACE_OUTER_BOUND ( 'NONE', #1157, .T. ) ;
#1518 = LINE ( 'NONE', #408, #2397 ) ;
#1519 = AXIS2_PLACEMENT_3D ( 'NONE', #737, #2635, #2672 ) ;
#1520 = AXIS2_PLACEMENT_3D ( 'NONE', #3144, #2018, #1740 ) ;
#1521 = DIRECTION ( 'NONE',  ( 0.000000000000000000, 1.000000000000000000, 0.000000000000000000 ) ) ;
#1522 = LINE ( 'NONE', #504, #1069 ) ;
#1523 = ORIENTED_EDGE ( 'NONE', *, *, #2617, .T. ) ;
#1524 = ORIENTED_EDGE ( 'NONE', *, *, #1148, .F. ) ;
#1525 = EDGE_CURVE ( 'NONE', #1797, #2331, #754, .T. ) ;
#1526 = EDGE_CURVE ( 'NONE', #3251, #3342, #2114, .T. ) ;
#1527 = CIRCLE ( 'NONE', #2695, 0.2500000000000002220 ) ;
#1528 = VECTOR ( 'NONE', #999, 1000.000000000000000 ) ;
#1529 = CARTESIAN_POINT ( 'NONE',  ( -6.000000000000000888, 4.336808689942017736E-16, -1.084202172485504434E-16 ) ) ;
#1530 = VERTEX_POINT ( 'NONE', #2671 ) ;
#1531 = DIRECTION ( 'NONE',  ( 1.000000000000000000, -0.000000000000000000, 0.000000000000000000 ) ) ;
#1532 = ADVANCED_FACE ( 'NONE', ( #191 ), #3538, .T. ) ;
#1533 = CIRCLE ( 'NONE', #3317, 0.2499999999999999445 ) ;
#1534 = FACE_BOUND ( 'NONE', #990, .T. ) ;
#1535 = DIRECTION ( 'NONE',  ( -1.000000000000000000, 0.000000000000000000, 0.000000000000000000 ) ) ;
#1536 = AXIS2_PLACEMENT_3D ( 'NONE', #3295, #1110, #528 ) ;
#1537 = DIRECTION ( 'NONE',  ( 0.000000000000000000, 0.000000000000000000, -1.000000000000000000 ) ) ;
#1538 = AXIS2_PLACEMENT_3D ( 'NONE', #3528, #1072, #2160 ) ;
#1539 = LINE ( 'NONE', #2708, #1591 ) ;
#1540 = ORIENTED_EDGE ( 'NONE', *, *, #469, .F. ) ;
#1541 = CARTESIAN_POINT ( 'NONE',  ( -2.500000000000000444, 1.099999999999999867, 1.350000000000000089 ) ) ;
#1542 = DIRECTION ( 'NONE',  ( -0.000000000000000000, -1.000000000000000000, -0.000000000000000000 ) ) ;
#1543 = CARTESIAN_POINT ( 'NONE',  ( 1.500000000000000000, -2.500000000000000000, -0.4500000000000000111 ) ) ;
#1544 = EDGE_LOOP ( 'NONE', ( #1744, #581, #608, #2484 ) ) ;
#1545 = EDGE_CURVE ( 'NONE', #1639, #894, #1318, .T. ) ;
#1546 = DIRECTION ( 'NONE',  ( 0.000000000000000000, 0.000000000000000000, 1.000000000000000000 ) ) ;
#1547 = EDGE_LOOP ( 'NONE', ( #322, #1523, #218, #389 ) ) ;
#1548 = DIRECTION ( 'NONE',  ( 1.000000000000000000, 0.000000000000000000, -0.000000000000000000 ) ) ;
#1549 = VERTEX_POINT ( 'NONE', #1039 ) ;
#1550 = APPLICATION_CONTEXT ( 'automotive_design' ) ;
#1551 = FACE_BOUND ( 'NONE', #2056, .T. ) ;
#1552 = ADVANCED_FACE ( 'NONE', ( #1945 ), #3590, .F. ) ;
#1553 = LINE ( 'NONE', #186, #1948 ) ;
#1554 = DIRECTION ( 'NONE',  ( 0.000000000000000000, 0.000000000000000000, -1.000000000000000000 ) ) ;
#1555 = ADVANCED_FACE ( 'NONE', ( #1083 ), #3284, .T. ) ;
#1556 = LINE ( 'NONE', #2686, #1081 ) ;
#1557 = ORIENTED_EDGE ( 'NONE', *, *, #3449, .F. ) ;
#1558 = CARTESIAN_POINT ( 'NONE',  ( 5.400000000000000355, 0.1499999999999999944, -1.750000000000000000 ) ) ;
#1559 = DIRECTION ( 'NONE',  ( 0.000000000000000000, -1.000000000000000000, -5.421010862427520198E-16 ) ) ;
#1560 = CARTESIAN_POINT ( 'NONE',  ( 3.000000000000000444, 4.299999999999999822, 0.000000000000000000 ) ) ;
#1561 = ORIENTED_EDGE ( 'NONE', *, *, #1726, .F. ) ;
#1562 = ORIENTED_EDGE ( 'NONE', *, *, #3376, .F. ) ;
#1563 = ORIENTED_EDGE ( 'NONE', *, *, #1906, .F. ) ;
#1564 = EDGE_CURVE ( 'NONE', #1607, #3546, #3553, .T. ) ;
#1565 = DIRECTION ( 'NONE',  ( 0.000000000000000000, -1.000000000000000000, -1.807003620809173892E-16 ) ) ;
#1566 = CARTESIAN_POINT ( 'NONE',  ( -2.999999999999999556, 3.100000000000000089, -0.7999999999999999334 ) ) ;
#1567 = CARTESIAN_POINT ( 'NONE',  ( -0.5999999999999998668, 0.1499999999999999944, 1.750000000000000000 ) ) ;
#1568 = EDGE_CURVE ( 'NONE', #360, #719, #2191, .T. ) ;
#1569 = EDGE_CURVE ( 'NONE', #2861, #1285, #1870, .T. ) ;
#1570 = LINE ( 'NONE', #2022, #2389 ) ;
#1571 = CIRCLE ( 'NONE', #73, 0.05000000000000002359 ) ;
#1572 = DIRECTION ( 'NONE',  ( 0.000000000000000000, -1.000000000000000000, -2.168404344971015179E-15 ) ) ;
#1573 = CARTESIAN_POINT ( 'NONE',  ( -2.499999999999999112, 2.700000000000000178, -1.750000000000000000 ) ) ;
#1574 = LINE ( 'NONE', #1023, #1472 ) ;
#1575 = VECTOR ( 'NONE', #2588, 1000.000000000000000 ) ;
#1576 = LINE ( 'NONE', #175, #2396 ) ;
#1577 = VECTOR ( 'NONE', #2266, 1000.000000000000000 ) ;
#1578 = DIRECTION ( 'NONE',  ( 0.000000000000000000, -1.084202172485504040E-15, 1.000000000000000000 ) ) ;
#1579 = ORIENTED_EDGE ( 'NONE', *, *, #2204, .T. ) ;
#1580 = ORIENTED_EDGE ( 'NONE', *, *, #1049, .F. ) ;
#1581 = DIRECTION ( 'NONE',  ( 0.000000000000000000, -0.7071067811865496822, -0.7071067811865454633 ) ) ;
#1582 = AXIS2_PLACEMENT_3D ( 'NONE', #1983, #1490, #953 ) ;
#1583 = ORIENTED_EDGE ( 'NONE', *, *, #2758, .F. ) ;
#1584 = AXIS2_PLACEMENT_3D ( 'NONE', #291, #1892, #1908 ) ;
#1585 = LINE ( 'NONE', #2198, #486 ) ;
#1586 = VERTEX_POINT ( 'NONE', #269 ) ;
#1587 = FACE_OUTER_BOUND ( 'NONE', #2205, .T. ) ;
#1588 =( GEOMETRIC_REPRESENTATION_CONTEXT ( 3 ) GLOBAL_UNCERTAINTY_ASSIGNED_CONTEXT ( ( #1884 ) ) GLOBAL_UNIT_ASSIGNED_CONTEXT ( ( #2296, #96, #596 ) ) REPRESENTATION_CONTEXT ( 'NONE', 'WORKASPACE' ) );
#1589 = CARTESIAN_POINT ( 'NONE',  ( -0.9000000000000002442, 2.204364238465235083E-16, 1.750000000000000000 ) ) ;
#1590 = LINE ( 'NONE', #3297, #2240 ) ;
#1591 = VECTOR ( 'NONE', #3215, 1000.000000000000000 ) ;
#1592 = PRODUCT_DEFINITION_SHAPE ( 'NONE', 'NONE',  #1748 ) ;
#1593 = FACE_OUTER_BOUND ( 'NONE', #3509, .T. ) ;
#1594 = CIRCLE ( 'NONE', #37, 0.2500000000000000000 ) ;
#1595 = DIRECTION ( 'NONE',  ( 0.000000000000000000, 0.000000000000000000, -1.000000000000000000 ) ) ;
#1596 = EDGE_CURVE ( 'NONE', #3342, #2045, #488, .T. ) ;
#1597 = EDGE_CURVE ( 'NONE', #3053, #3341, #2476, .T. ) ;
#1598 = VERTEX_POINT ( 'NONE', #2436 ) ;
#1599 = LINE ( 'NONE', #3303, #436 ) ;
#1600 =( GEOMETRIC_REPRESENTATION_CONTEXT ( 3 ) GLOBAL_UNCERTAINTY_ASSIGNED_CONTEXT ( ( #1956 ) ) GLOBAL_UNIT_ASSIGNED_CONTEXT ( ( #634, #109, #1675 ) ) REPRESENTATION_CONTEXT ( 'NONE', 'WORKASPACE' ) );
#1601 = DIRECTION ( 'NONE',  ( 1.000000000000000000, -0.000000000000000000, 0.000000000000000000 ) ) ;
#1602 = EDGE_CURVE ( 'NONE', #2329, #1147, #2206, .T. ) ;
#1603 = CARTESIAN_POINT ( 'NONE',  ( 9.000000000000001776, 3.100000000000000089, -0.4000000000000001332 ) ) ;
#1604 = SURFACE_STYLE_FILL_AREA ( #312 ) ;
#1605 = EDGE_LOOP ( 'NONE', ( #2019, #367, #58, #153 ) ) ;
#1606 = CONTEXT_DEPENDENT_SHAPE_REPRESENTATION ( #1957, #616 ) ;
#1607 = VERTEX_POINT ( 'NONE', #1060 ) ;
#1608 = CARTESIAN_POINT ( 'NONE',  ( 9.000000000000001776, 4.299999999999999822, 0.000000000000000000 ) ) ;
#1609 = DIRECTION ( 'NONE',  ( 0.000000000000000000, 0.000000000000000000, -1.000000000000000000 ) ) ;
#1610 = CARTESIAN_POINT ( 'NONE',  ( 1.500000000000000000, -1.047316222187764101, -0.4721946728213200495 ) ) ;
#1611 = DIRECTION ( 'NONE',  ( -1.000000000000000000, 0.000000000000000000, 0.000000000000000000 ) ) ;
#1612 = LINE ( 'NONE', #1, #1258 ) ;
#1613 = EDGE_LOOP ( 'NONE', ( #93, #2316, #941, #1103 ) ) ;
#1614 = LINE ( 'NONE', #497, #1420 ) ;
#1615 = ADVANCED_FACE ( 'NONE', ( #1920 ), #3328, .F. ) ;
#1616 = DIRECTION ( 'NONE',  ( -0.000000000000000000, -0.000000000000000000, 1.000000000000000000 ) ) ;
#1617 = FACE_OUTER_BOUND ( 'NONE', #1124, .T. ) ;
#1618 = EDGE_LOOP ( 'NONE', ( #3194, #1267, #932, #3143 ) ) ;
#1619 = ORIENTED_EDGE ( 'NONE', *, *, #1001, .F. ) ;
#1620 = DIRECTION ( 'NONE',  ( 0.000000000000000000, 1.000000000000000000, 0.000000000000000000 ) ) ;
#1621 = EDGE_CURVE ( 'NONE', #752, #1022, #780, .T. ) ;
#1622 = DIRECTION ( 'NONE',  ( 0.000000000000000000, -1.807003620809173892E-16, 1.000000000000000000 ) ) ;
#1623 = DIRECTION ( 'NONE',  ( 0.000000000000000000, 0.000000000000000000, 1.000000000000000000 ) ) ;
#1624 = EDGE_CURVE ( 'NONE', #642, #3470, #2257, .T. ) ;
#1625 = DIRECTION ( 'NONE',  ( 0.000000000000000000, -0.000000000000000000, -1.000000000000000000 ) ) ;
#1626 =( NAMED_UNIT ( * ) PLANE_ANGLE_UNIT ( ) SI_UNIT ( $, .RADIAN. ) );
#1627 = DIRECTION ( 'NONE',  ( 0.000000000000000000, -1.000000000000000000, 0.000000000000000000 ) ) ;
#1628 = UNCERTAINTY_MEASURE_WITH_UNIT (LENGTH_MEASURE( 1.000000000000000082E-05 ), #387, 'distance_accuracy_value', 'NONE');
#1629 = VERTEX_POINT ( 'NONE', #2239 ) ;
#1630 = DIRECTION ( 'NONE',  ( 0.000000000000000000, 0.000000000000000000, -1.000000000000000000 ) ) ;
#1631 = LINE ( 'NONE', #287, #1073 ) ;
#1632 = ORIENTED_EDGE ( 'NONE', *, *, #3322, .F. ) ;
#1633 = ORIENTED_EDGE ( 'NONE', *, *, #1005, .T. ) ;
#1634 = FACE_OUTER_BOUND ( 'NONE', #826, .T. ) ;
#1635 = AXIS2_PLACEMENT_3D ( 'NONE', #3561, #3026, #1625 ) ;
#1636 = CARTESIAN_POINT ( 'NONE',  ( 0.5999999999999998668, 2.204364238465235083E-16, -1.750000000000000000 ) ) ;
#1637 = DIRECTION ( 'NONE',  ( 0.000000000000000000, -1.000000000000000000, 0.000000000000000000 ) ) ;
#1638 = ORIENTED_EDGE ( 'NONE', *, *, #2871, .T. ) ;
#1639 = VERTEX_POINT ( 'NONE', #1210 ) ;
#1640 = AXIS2_PLACEMENT_3D ( 'NONE', #2992, #1311, #644 ) ;
#1641 = CARTESIAN_POINT ( 'NONE',  ( 2.100000000000000089, 0.1500000000000002165, -1.750000000000000000 ) ) ;
#1642 = TOROIDAL_SURFACE ( 'NONE', #3525, 0.5000000000000000000, 0.2500000000000000000 ) ;
#1643 = VERTEX_POINT ( 'NONE', #1994 ) ;
#1644 = EDGE_CURVE ( 'NONE', #177, #2519, #1397, .T. ) ;
#1645 = VECTOR ( 'NONE', #2040, 1000.000000000000000 ) ;
#1646 = FACE_BOUND ( 'NONE', #307, .T. ) ;
#1647 = LINE ( 'NONE', #781, #158 ) ;
#1648 = EDGE_CURVE ( 'NONE', #161, #3431, #3120, .T. ) ;
#1649 = CARTESIAN_POINT ( 'NONE',  ( 3.900000000000000799, 0.1499999999999999944, -1.750000000000000000 ) ) ;
#1650 = VECTOR ( 'NONE', #681, 1000.000000000000000 ) ;
#1651 = DIRECTION ( 'NONE',  ( -1.000000000000000000, -1.807003620809174878E-16, 0.000000000000000000 ) ) ;
#1652 = ORIENTED_EDGE ( 'NONE', *, *, #2946, .F. ) ;
#1653 = AXIS2_PLACEMENT_3D ( 'NONE', #2161, #490, #2432 ) ;
#1654 = ORIENTED_EDGE ( 'NONE', *, *, #1488, .T. ) ;
#1655 = VECTOR ( 'NONE', #3391, 1000.000000000000000 ) ;
#1656 = DIRECTION ( 'NONE',  ( -1.000000000000000000, 0.000000000000000000, 0.000000000000000000 ) ) ;
#1657 = DIRECTION ( 'NONE',  ( -1.000000000000000000, -2.168404344971008868E-16, 0.000000000000000000 ) ) ;
#1658 = ORIENTED_EDGE ( 'NONE', *, *, #2370, .T. ) ;
#1659 = STYLED_ITEM ( 'NONE', ( #2353 ), #2409 ) ;
#1660 = DIRECTION ( 'NONE',  ( 1.000000000000000000, 1.807003620809174878E-16, 0.000000000000000000 ) ) ;
#1661 = CARTESIAN_POINT ( 'NONE',  ( 1.500000000000000000, 3.799999999999999822, -0.4000000000000000222 ) ) ;
#1662 = EDGE_LOOP ( 'NONE', ( #2750, #598, #2984, #2697 ) ) ;
#1663 = LINE ( 'NONE', #1204, #2677 ) ;
#1664 = EDGE_CURVE ( 'NONE', #2055, #719, #1438, .T. ) ;
#1665 =( NAMED_UNIT ( * ) SI_UNIT ( $, .STERADIAN. ) SOLID_ANGLE_UNIT ( ) );
#1666 = CARTESIAN_POINT ( 'NONE',  ( 1.500000000000000000, -1.375000000000000000, -0.05000000000000000278 ) ) ;
#1667 = CARTESIAN_POINT ( 'NONE',  ( -2.999999999999999556, 0.000000000000000000, 0.000000000000000000 ) ) ;
#1668 = EDGE_LOOP ( 'NONE', ( #97, #3125, #2009, #928, #897, #2979, #1043, #2264, #968, #3199, #2175, #3191, #1687, #165 ) ) ;
#1669 = ORIENTED_EDGE ( 'NONE', *, *, #3390, .F. ) ;
#1670 = ADVANCED_FACE ( 'NONE', ( #2797 ), #2840, .T. ) ;
#1671 = DIRECTION ( 'NONE',  ( 0.000000000000000000, 0.000000000000000000, -1.000000000000000000 ) ) ;
#1672 = ORIENTED_EDGE ( 'NONE', *, *, #2112, .F. ) ;
#1673 = CARTESIAN_POINT ( 'NONE',  ( -1.799999999999998934, 2.700000000000000178, 1.350000000000000311 ) ) ;
#1674 = PLANE ( 'NONE',  #2555 ) ;
#1675 =( NAMED_UNIT ( * ) SI_UNIT ( $, .STERADIAN. ) SOLID_ANGLE_UNIT ( ) );
#1676 = LINE ( 'NONE', #1696, #3373 ) ;
#1677 = EDGE_LOOP ( 'NONE', ( #1562, #2031, #916, #1029 ) ) ;
#1678 = ORIENTED_EDGE ( 'NONE', *, *, #3413, .T. ) ;
#1679 = LINE ( 'NONE', #2238, #275 ) ;
#1680 = DIRECTION ( 'NONE',  ( -1.000000000000000000, -2.168404344971009361E-16, 0.000000000000000000 ) ) ;
#1681 = VERTEX_POINT ( 'NONE', #2053 ) ;
#1682 = PLANE ( 'NONE',  #1820 ) ;
#1683 = ORIENTED_EDGE ( 'NONE', *, *, #1705, .F. ) ;
#1684 = EDGE_CURVE ( 'NONE', #3514, #723, #2879, .T. ) ;
#1685 = ORIENTED_EDGE ( 'NONE', *, *, #583, .F. ) ;
#1686 = EDGE_CURVE ( 'NONE', #2016, #1947, #1497, .T. ) ;
#1687 = ORIENTED_EDGE ( 'NONE', *, *, #2648, .T. ) ;
#1688 = CARTESIAN_POINT ( 'NONE',  ( 1.500000000000000000, -2.500000000000000000, -0.4500000000000000111 ) ) ;
#1689 = AXIS2_PLACEMENT_3D ( 'NONE', #3318, #736, #527 ) ;
#1690 = LINE ( 'NONE', #1673, #2446 ) ;
#1691 = CARTESIAN_POINT ( 'NONE',  ( 7.500000000000000888, 0.000000000000000000, -0.2000000000000001499 ) ) ;
#1692 = AXIS2_PLACEMENT_3D ( 'NONE', #3028, #515, #3323 ) ;
#1693 = CIRCLE ( 'NONE', #2391, 0.2500000000000000000 ) ;
#1694 = LINE ( 'NONE', #2870, #250 ) ;
#1695 = VECTOR ( 'NONE', #157, 1000.000000000000000 ) ;
#1696 = CARTESIAN_POINT ( 'NONE',  ( -1.799999999999998934, 2.700000000000000178, -1.750000000000000000 ) ) ;
#1697 = CIRCLE ( 'NONE', #2566, 0.1999999999999999833 ) ;
#1698 = ORIENTED_EDGE ( 'NONE', *, *, #1317, .F. ) ;
#1699 = CARTESIAN_POINT ( 'NONE',  ( 1.500000000000000000, -2.500000000000000000, -0.4500000000000000111 ) ) ;
#1700 = DIRECTION ( 'NONE',  ( -0.000000000000000000, -0.000000000000000000, 1.000000000000000000 ) ) ;
#1701 = ORIENTED_EDGE ( 'NONE', *, *, #2393, .F. ) ;
#1702 = ORIENTED_EDGE ( 'NONE', *, *, #3344, .F. ) ;
#1703 = VECTOR ( 'NONE', #1806, 1000.000000000000000 ) ;
#1704 = ORIENTED_EDGE ( 'NONE', *, *, #647, .T. ) ;
#1705 = EDGE_CURVE ( 'NONE', #1984, #2426, #3112, .T. ) ;
#1706 = AXIS2_PLACEMENT_3D ( 'NONE', #1789, #996, #2915 ) ;
#1707 = FACE_OUTER_BOUND ( 'NONE', #1677, .T. ) ;
#1708 = VECTOR ( 'NONE', #2466, 1000.000000000000000 ) ;
#1709 = DIRECTION ( 'NONE',  ( -0.000000000000000000, -1.000000000000000000, -0.000000000000000000 ) ) ;
#1710 = EDGE_CURVE ( 'NONE', #3363, #177, #1713, .T. ) ;
#1711 = CARTESIAN_POINT ( 'NONE',  ( -2.500000000000000444, 1.099999999999999867, 1.350000000000000089 ) ) ;
#1712 = CIRCLE ( 'NONE', #2639, 0.2499999999999999445 ) ;
#1713 = LINE ( 'NONE', #2327, #2624 ) ;
#1714 = ORIENTED_EDGE ( 'NONE', *, *, #369, .T. ) ;
#1715 = CIRCLE ( 'NONE', #3248, 0.1999999999999999833 ) ;
#1716 = DIRECTION ( 'NONE',  ( 0.000000000000000000, 1.000000000000000000, 0.000000000000000000 ) ) ;
#1717 = EDGE_CURVE ( 'NONE', #463, #1028, #2267, .T. ) ;
#1718 = SURFACE_STYLE_USAGE ( .BOTH. , #2585 ) ;
#1719 = CARTESIAN_POINT ( 'NONE',  ( 1.500000000000000000, -2.500000000000000000, -0.4500000000000000111 ) ) ;
#1720 = VERTEX_POINT ( 'NONE', #47 ) ;
#1721 = FACE_OUTER_BOUND ( 'NONE', #2503, .T. ) ;
#1722 = DIRECTION ( 'NONE',  ( 0.000000000000000000, 0.000000000000000000, -1.000000000000000000 ) ) ;
#1723 = ORIENTED_EDGE ( 'NONE', *, *, #1596, .T. ) ;
#1724 = ORIENTED_EDGE ( 'NONE', *, *, #1792, .F. ) ;
#1725 = DIRECTION ( 'NONE',  ( -0.000000000000000000, -0.000000000000000000, 1.000000000000000000 ) ) ;
#1726 = EDGE_CURVE ( 'NONE', #3568, #161, #3464, .T. ) ;
#1727 = CARTESIAN_POINT ( 'NONE',  ( -2.999999999999999556, 4.299999999999999822, -0.7999999999999994893 ) ) ;
#1728 = DIRECTION ( 'NONE',  ( -0.000000000000000000, 1.000000000000000000, -0.000000000000000000 ) ) ;
#1729 = ORIENTED_EDGE ( 'NONE', *, *, #2905, .T. ) ;
#1730 = EDGE_CURVE ( 'NONE', #1963, #1159, #1162, .T. ) ;
#1731 = CARTESIAN_POINT ( 'NONE',  ( 8.500000000000000000, 1.399999999999999911, 0.000000000000000000 ) ) ;
#1732 = FACE_OUTER_BOUND ( 'NONE', #743, .T. ) ;
#1733 = ADVANCED_FACE ( 'NONE', ( #351 ), #25, .T. ) ;
#1734 = PLANE ( 'NONE',  #19 ) ;
#1735 = VERTEX_POINT ( 'NONE', #3419 ) ;
#1736 = CARTESIAN_POINT ( 'NONE',  ( 2.499999999999999556, 1.099999999999999867, 0.2999999999999990452 ) ) ;
#1737 =( REPRESENTATION_RELATIONSHIP ('NONE','NONE', #2387, #1799 ) REPRESENTATION_RELATIONSHIP_WITH_TRANSFORMATION ( #3333 )SHAPE_REPRESENTATION_RELATIONSHIP( ) );
#1738 = PRESENTATION_STYLE_ASSIGNMENT (( #3409 ) ) ;
#1739 = ORIENTED_EDGE ( 'NONE', *, *, #2856, .T. ) ;
#1740 = DIRECTION ( 'NONE',  ( -1.000000000000000000, -2.168404344971010840E-16, 0.000000000000000000 ) ) ;
#1741 = EDGE_LOOP ( 'NONE', ( #3107, #1905 ) ) ;
#1742 = CARTESIAN_POINT ( 'NONE',  ( -2.500000000000000444, 4.299999999999999822, 0.000000000000000000 ) ) ;
#1743 = DIRECTION ( 'NONE',  ( 2.168404344971007882E-16, 1.000000000000000000, -0.000000000000000000 ) ) ;
#1744 = ORIENTED_EDGE ( 'NONE', *, *, #560, .F. ) ;
#1745 = ORIENTED_EDGE ( 'NONE', *, *, #2318, .T. ) ;
#1746 = DIRECTION ( 'NONE',  ( 1.000000000000000000, -0.000000000000000000, 0.000000000000000000 ) ) ;
#1747 = AXIS2_PLACEMENT_3D ( 'NONE', #1938, #2725, #2747 ) ;
#1748 = PRODUCT_DEFINITION ( 'UNKNOWN', '', #1207, #2357 ) ;
#1749 = EDGE_CURVE ( 'NONE', #3342, #2079, #3472, .T. ) ;
#1750 = PRESENTATION_STYLE_ASSIGNMENT (( #1718 ) ) ;
#1751 = DIRECTION ( 'NONE',  ( 0.000000000000000000, 0.000000000000000000, 1.000000000000000000 ) ) ;
#1752 = VECTOR ( 'NONE', #330, 1000.000000000000000 ) ;
#1753 = EDGE_LOOP ( 'NONE', ( #797, #1400, #3025, #848 ) ) ;
#1754 = EDGE_CURVE ( 'NONE', #1188, #1146, #2057, .T. ) ;
#1755 = VECTOR ( 'NONE', #665, 1000.000000000000000 ) ;
#1756 = VERTEX_POINT ( 'NONE', #646 ) ;
#1757 = DIRECTION ( 'NONE',  ( 0.000000000000000000, 1.232047923278981706E-16, -1.000000000000000000 ) ) ;
#1758 = VECTOR ( 'NONE', #3205, 1000.000000000000000 ) ;
#1759 = CIRCLE ( 'NONE', #668, 0.2500000000000000000 ) ;
#1760 = CARTESIAN_POINT ( 'NONE',  ( 2.400000000000000355, 0.1499999999999999944, 1.750000000000000000 ) ) ;
#1761 = ORIENTED_EDGE ( 'NONE', *, *, #1648, .F. ) ;
#1762 = CARTESIAN_POINT ( 'NONE',  ( 6.000000000000000000, 0.000000000000000000, 0.000000000000000000 ) ) ;
#1763 = VECTOR ( 'NONE', #2395, 1000.000000000000000 ) ;
#1764 = DIRECTION ( 'NONE',  ( 1.000000000000000000, 0.000000000000000000, 0.000000000000000000 ) ) ;
#1765 = VERTEX_POINT ( 'NONE', #2008 ) ;
#1766 = VECTOR ( 'NONE', #2356, 1000.000000000000000 ) ;
#1767 = ORIENTED_EDGE ( 'NONE', *, *, #1274, .F. ) ;
#1768 = CARTESIAN_POINT ( 'NONE',  ( 8.500000000000000000, 1.100000000000000755, -0.8000000000000008216 ) ) ;
#1769 = VECTOR ( 'NONE', #3456, 999.9999999999998863 ) ;
#1770 = ORIENTED_EDGE ( 'NONE', *, *, #1380, .F. ) ;
#1771 = CARTESIAN_POINT ( 'NONE',  ( -2.500000000000000444, 4.500000000000000000, 1.350000000000000089 ) ) ;
#1772 =( GEOMETRIC_REPRESENTATION_CONTEXT ( 3 ) GLOBAL_UNCERTAINTY_ASSIGNED_CONTEXT ( ( #301 ) ) GLOBAL_UNIT_ASSIGNED_CONTEXT ( ( #1901, #1626, #1665 ) ) REPRESENTATION_CONTEXT ( 'NONE', 'WORKASPACE' ) );
#1773 = EDGE_CURVE ( 'NONE', #1756, #2944, #629, .T. ) ;
#1774 = PRODUCT_DEFINITION_FORMATION_WITH_SPECIFIED_SOURCE ( 'ANY', '', #1369, .NOT_KNOWN. ) ;
#1775 = ORIENTED_EDGE ( 'NONE', *, *, #3322, .T. ) ;
#1776 = FACE_OUTER_BOUND ( 'NONE', #3261, .T. ) ;
#1777 = ADVANCED_FACE ( 'NONE', ( #1459 ), #666, .F. ) ;
#1778 = FACE_OUTER_BOUND ( 'NONE', #1662, .T. ) ;
#1779 = EDGE_CURVE ( 'NONE', #691, #901, #2657, .T. ) ;
#1780 = DIRECTION ( 'NONE',  ( 1.807003620809174878E-16, -1.000000000000000000, -0.000000000000000000 ) ) ;
#1781 = CARTESIAN_POINT ( 'NONE',  ( 3.900000000000000799, 0.1499999999999999944, -1.750000000000000000 ) ) ;
#1782 = ORIENTED_EDGE ( 'NONE', *, *, #1621, .T. ) ;
#1783 = ORIENTED_EDGE ( 'NONE', *, *, #3531, .T. ) ;
#1784 = SURFACE_STYLE_FILL_AREA ( #2599 ) ;
#1785 = FACE_OUTER_BOUND ( 'NONE', #292, .T. ) ;
#1786 = VERTEX_POINT ( 'NONE', #975 ) ;
#1787 = LINE ( 'NONE', #1827, #1063 ) ;
#1788 = DIRECTION ( 'NONE',  ( 0.000000000000000000, 2.602085213965210642E-15, -1.000000000000000000 ) ) ;
#1789 = CARTESIAN_POINT ( 'NONE',  ( 6.000000000000000000, 1.399999999999999911, -0.4500000000000001221 ) ) ;
#1790 = DIRECTION ( 'NONE',  ( 0.000000000000000000, 0.000000000000000000, -1.000000000000000000 ) ) ;
#1791 = EDGE_CURVE ( 'NONE', #1807, #1951, #1522, .T. ) ;
#1792 = EDGE_CURVE ( 'NONE', #173, #642, #1299, .T. ) ;
#1793 = FACE_OUTER_BOUND ( 'NONE', #789, .T. ) ;
#1794 = CARTESIAN_POINT ( 'NONE',  ( -2.500000000000000444, 3.100000000000000089, -0.7999999999999999334 ) ) ;
#1795 = ADVANCED_FACE ( 'NONE', ( #718 ), #3285, .F. ) ;
#1796 = CARTESIAN_POINT ( 'NONE',  ( -2.100000000000000089, 0.000000000000000000, -1.750000000000000000 ) ) ;
#1797 = VERTEX_POINT ( 'NONE', #2613 ) ;
#1798 = ORIENTED_EDGE ( 'NONE', *, *, #281, .F. ) ;
#1799 = SHAPE_REPRESENTATION ( 'BxB-ZR_7', ( #913 ), #1772 ) ;
#1800 = DIRECTION ( 'NONE',  ( 1.000000000000000000, 0.000000000000000000, 0.000000000000000000 ) ) ;
#1801 = ORIENTED_EDGE ( 'NONE', *, *, #1381, .T. ) ;
#1802 = AXIS2_PLACEMENT_3D ( 'NONE', #819, #3065, #563 ) ;
#1803 = FACE_OUTER_BOUND ( 'NONE', #1618, .T. ) ;
#1804 = CARTESIAN_POINT ( 'NONE',  ( -1.499999999999999556, 1.399999999999999911, -0.2000000000000001499 ) ) ;
#1805 = VECTOR ( 'NONE', #468, 1000.000000000000000 ) ;
#1806 = DIRECTION ( 'NONE',  ( 0.000000000000000000, 0.000000000000000000, -1.000000000000000000 ) ) ;
#1807 = VERTEX_POINT ( 'NONE', #1817 ) ;
#1808 = ORIENTED_EDGE ( 'NONE', *, *, #1360, .F. ) ;
#1809 = AXIS2_PLACEMENT_3D ( 'NONE', #1288, #1800, #3209 ) ;
#1810 = CARTESIAN_POINT ( 'NONE',  ( -2.999999999999999556, 3.100000000000000089, -0.7999999999999999334 ) ) ;
#1811 = ORIENTED_EDGE ( 'NONE', *, *, #921, .T. ) ;
#1812 = CARTESIAN_POINT ( 'NONE',  ( 5.100000000000000533, 0.1500000000000002165, -1.750000000000000000 ) ) ;
#1813 = VECTOR ( 'NONE', #701, 1000.000000000000000 ) ;
#1814 = EDGE_CURVE ( 'NONE', #749, #1786, #902, .T. ) ;
#1815 = AXIS2_PLACEMENT_3D ( 'NONE', #3263, #461, #1027 ) ;
#1816 = CARTESIAN_POINT ( 'NONE',  ( 9.000000000000001776, 4.500000000000000000, -1.750000000000000000 ) ) ;
#1817 = CARTESIAN_POINT ( 'NONE',  ( 7.500000000000000888, 0.1500000000000001055, -0.7000000000000000666 ) ) ;
#1818 = ORIENTED_EDGE ( 'NONE', *, *, #2379, .F. ) ;
#1819 = LINE ( 'NONE', #179, #193 ) ;
#1820 = AXIS2_PLACEMENT_3D ( 'NONE', #3445, #344, #375 ) ;
#1821 = EDGE_CURVE ( 'NONE', #703, #1100, #3498, .T. ) ;
#1822 = TOROIDAL_SURFACE ( 'NONE', #3066, 0.05000000000000000278, 0.2000000000000000111 ) ;
#1823 = CARTESIAN_POINT ( 'NONE',  ( 3.900000000000000799, 0.1499999999999999944, -1.750000000000000000 ) ) ;
#1824 = EDGE_LOOP ( 'NONE', ( #1745, #1540, #1770, #2010 ) ) ;
#1825 = ADVANCED_FACE ( 'NONE', ( #989, #1284 ), #2097, .F. ) ;
#1826 = AXIS2_PLACEMENT_3D ( 'NONE', #127, #982, #1236 ) ;
#1827 = CARTESIAN_POINT ( 'NONE',  ( -1.799999999999999156, 1.699999999999999734, 1.350000000000000311 ) ) ;
#1828 = DIRECTION ( 'NONE',  ( 0.000000000000000000, -1.000000000000000000, -2.602085213965214980E-15 ) ) ;
#1829 = CARTESIAN_POINT ( 'NONE',  ( 1.500000000000000000, -1.572316222187764900, -0.5278053271786800060 ) ) ;
#1830 = CARTESIAN_POINT ( 'NONE',  ( 1.500000000000000000, 3.799999999999999822, -0.4500000000000000111 ) ) ;
#1831 = DIRECTION ( 'NONE',  ( 0.000000000000000000, -1.000000000000000000, -8.673617379884039416E-16 ) ) ;
#1832 = FACE_OUTER_BOUND ( 'NONE', #3348, .T. ) ;
#1833 = DIRECTION ( 'NONE',  ( -1.000000000000000000, 0.000000000000000000, 0.000000000000000000 ) ) ;
#1834 = ADVANCED_FACE ( 'NONE', ( #2400 ), #3222, .T. ) ;
#1835 = ORIENTED_EDGE ( 'NONE', *, *, #3365, .F. ) ;
#1836 = SURFACE_SIDE_STYLE ('',( #1784 ) ) ;
#1837 = EDGE_CURVE ( 'NONE', #2322, #927, #2941, .T. ) ;
#1838 = ADVANCED_FACE ( 'NONE', ( #1852 ), #3539, .F. ) ;
#1839 = PLANE ( 'NONE',  #1466 ) ;
#1840 = ORIENTED_EDGE ( 'NONE', *, *, #1116, .F. ) ;
#1841 = LINE ( 'NONE', #1510, #3105 ) ;
#1842 = CYLINDRICAL_SURFACE ( 'NONE', #1826, 0.2500000000000000000 ) ;
#1843 = ADVANCED_FACE ( 'NONE', ( #2381 ), #785, .T. ) ;
#1844 = CARTESIAN_POINT ( 'NONE',  ( 3.000000000000000444, 0.1500000000000001055, -0.4500000000000001221 ) ) ;
#1845 = UNCERTAINTY_MEASURE_WITH_UNIT (LENGTH_MEASURE( 1.000000000000000082E-05 ), #432, 'distance_accuracy_value', 'NONE');
#1846 = DIRECTION ( 'NONE',  ( -0.000000000000000000, -0.000000000000000000, 1.000000000000000000 ) ) ;
#1847 = CARTESIAN_POINT ( 'NONE',  ( 4.500000000000000888, 0.000000000000000000, -0.7000000000000000666 ) ) ;
#1848 = ORIENTED_EDGE ( 'NONE', *, *, #500, .F. ) ;
#1849 = LINE ( 'NONE', #970, #1016 ) ;
#1850 = VERTEX_POINT ( 'NONE', #1007 ) ;
#1851 = DIRECTION ( 'NONE',  ( 0.000000000000000000, -0.9556106543573592571, -0.2946324443755300448 ) ) ;
#1852 = FACE_OUTER_BOUND ( 'NONE', #690, .T. ) ;
#1853 = ORIENTED_EDGE ( 'NONE', *, *, #3149, .T. ) ;
#1854 = VERTEX_POINT ( 'NONE', #2115 ) ;
#1855 = ORIENTED_EDGE ( 'NONE', *, *, #1353, .T. ) ;
#1856 = APPLICATION_PROTOCOL_DEFINITION ( 'draft international standard', 'automotive_design', 1998, #2235 ) ;
#1857 = ORIENTED_EDGE ( 'NONE', *, *, #1686, .F. ) ;
#1858 = CARTESIAN_POINT ( 'NONE',  ( 9.000000000000001776, 4.500000000000000000, 1.750000000000000000 ) ) ;
#1859 = ADVANCED_FACE ( 'NONE', ( #427 ), #2960, .F. ) ;
#1860 = DIRECTION ( 'NONE',  ( -1.000000000000000000, 0.000000000000000000, 0.000000000000000000 ) ) ;
#1861 = CARTESIAN_POINT ( 'NONE',  ( 9.000000000000001776, 5.275000000000000355, 0.9749999999999946487 ) ) ;
#1862 = LINE ( 'NONE', #664, #1237 ) ;
#1863 = EDGE_CURVE ( 'NONE', #806, #2673, #477, .T. ) ;
#1864 = VECTOR ( 'NONE', #1709, 1000.000000000000000 ) ;
#1865 = CARTESIAN_POINT ( 'NONE',  ( 2.400000000000000355, 0.1499999999999999944, -1.750000000000000000 ) ) ;
#1866 = ORIENTED_EDGE ( 'NONE', *, *, #3471, .T. ) ;
#1867 = CYLINDRICAL_SURFACE ( 'NONE', #604, 0.2499999999999999445 ) ;
#1868 = ORIENTED_EDGE ( 'NONE', *, *, #390, .F. ) ;
#1869 = VECTOR ( 'NONE', #2249, 1000.000000000000000 ) ;
#1870 = LINE ( 'NONE', #503, #3233 ) ;
#1871 = AXIS2_PLACEMENT_3D ( 'NONE', #1858, #2405, #2719 ) ;
#1872 = PLANE ( 'NONE',  #1877 ) ;
#1873 = LINE ( 'NONE', #221, #419 ) ;
#1874 = VECTOR ( 'NONE', #3450, 1000.000000000000227 ) ;
#1875 = ORIENTED_EDGE ( 'NONE', *, *, #2711, .F. ) ;
#1876 = APPLICATION_PROTOCOL_DEFINITION ( 'draft international standard', 'automotive_design', 1998, #2864 ) ;
#1877 = AXIS2_PLACEMENT_3D ( 'NONE', #3001, #3609, #1102 ) ;
#1878 = DIRECTION ( 'NONE',  ( -0.000000000000000000, -0.000000000000000000, 1.000000000000000000 ) ) ;
#1879 = VERTEX_POINT ( 'NONE', #213 ) ;
#1880 = LINE ( 'NONE', #3010, #1509 ) ;
#1881 = VECTOR ( 'NONE', #517, 1000.000000000000000 ) ;
#1882 = DIRECTION ( 'NONE',  ( 0.000000000000000000, -1.000000000000000000, 0.000000000000000000 ) ) ;
#1883 = DIRECTION ( 'NONE',  ( -1.000000000000000000, -1.807003620809174632E-16, -0.000000000000000000 ) ) ;
#1884 = UNCERTAINTY_MEASURE_WITH_UNIT (LENGTH_MEASURE( 1.000000000000000082E-05 ), #2296, 'distance_accuracy_value', 'NONE');
#1885 = ORIENTED_EDGE ( 'NONE', *, *, #30, .F. ) ;
#1886 = EDGE_CURVE ( 'NONE', #3030, #3514, #1319, .T. ) ;
#1887 = CIRCLE ( 'NONE', #1019, 0.2000000000000000389 ) ;
#1888 = AXIS2_PLACEMENT_3D ( 'NONE', #20, #1960, #2767 ) ;
#1889 = CARTESIAN_POINT ( 'NONE',  ( 3.600000000000000089, 4.500000000000000000, 1.750000000000000000 ) ) ;
#1890 = FILL_AREA_STYLE_COLOUR ( '', #3589 ) ;
#1891 = DIRECTION ( 'NONE',  ( 1.807003620809174878E-16, -1.000000000000000000, -0.000000000000000000 ) ) ;
#1892 = DIRECTION ( 'NONE',  ( 1.000000000000000000, -0.000000000000000000, 0.000000000000000000 ) ) ;
#1893 = ORIENTED_EDGE ( 'NONE', *, *, #3078, .F. ) ;
#1894 = ADVANCED_FACE ( 'NONE', ( #771 ), #1872, .T. ) ;
#1895 = DIRECTION ( 'NONE',  ( 0.000000000000000000, -0.000000000000000000, -1.000000000000000000 ) ) ;
#1896 = LINE ( 'NONE', #274, #1412 ) ;
#1897 = VERTEX_POINT ( 'NONE', #2786 ) ;
#1898 = APPLICATION_PROTOCOL_DEFINITION ( 'draft international standard', 'automotive_design', 1998, #1051 ) ;
#1899 = DIRECTION ( 'NONE',  ( 0.000000000000000000, 1.000000000000000000, 0.000000000000000000 ) ) ;
#1900 = LINE ( 'NONE', #3293, #1183 ) ;
#1901 =( LENGTH_UNIT ( ) NAMED_UNIT ( * ) SI_UNIT ( .MILLI., .METRE. ) );
#1902 = CARTESIAN_POINT ( 'NONE',  ( 9.000000000000001776, 4.500000000000000000, 0.1999999999999984568 ) ) ;
#1903 = DIRECTION ( 'NONE',  ( 0.000000000000000000, 0.000000000000000000, 1.000000000000000000 ) ) ;
#1904 = ORIENTED_EDGE ( 'NONE', *, *, #2026, .F. ) ;
#1905 = ORIENTED_EDGE ( 'NONE', *, *, #2491, .F. ) ;
#1906 = EDGE_CURVE ( 'NONE', #395, #3070, #1304, .T. ) ;
#1907 = EDGE_CURVE ( 'NONE', #2193, #3432, #554, .T. ) ;
#1908 = DIRECTION ( 'NONE',  ( 0.000000000000000000, 0.000000000000000000, -1.000000000000000000 ) ) ;
#1909 = ORIENTED_EDGE ( 'NONE', *, *, #1564, .F. ) ;
#1910 = CONTEXT_DEPENDENT_SHAPE_REPRESENTATION ( #3022, #822 ) ;
#1911 = CARTESIAN_POINT ( 'NONE',  ( 2.100000000000000089, 0.000000000000000000, -1.750000000000000000 ) ) ;
#1912 = ORIENTED_EDGE ( 'NONE', *, *, #564, .F. ) ;
#1913 = CARTESIAN_POINT ( 'NONE',  ( 1.500000000000000000, -0.9736581110938830053, -0.7110973364106599748 ) ) ;
#1914 = CARTESIAN_POINT ( 'NONE',  ( 6.599999999999999645, 4.500000000000000000, 1.750000000000000000 ) ) ;
#1915 = FACE_BOUND ( 'NONE', #2616, .T. ) ;
#1916 = PLANE ( 'NONE',  #3482 ) ;
#1917 = ORIENTED_EDGE ( 'NONE', *, *, #491, .T. ) ;
#1918 = VERTEX_POINT ( 'NONE', #1331 ) ;
#1919 = VECTOR ( 'NONE', #3440, 1000.000000000000000 ) ;
#1920 = FACE_OUTER_BOUND ( 'NONE', #938, .T. ) ;
#1921 = FACE_OUTER_BOUND ( 'NONE', #2212, .T. ) ;
#1922 = ORIENTED_EDGE ( 'NONE', *, *, #1958, .T. ) ;
#1923 = ORIENTED_EDGE ( 'NONE', *, *, #1814, .F. ) ;
#1924 = VECTOR ( 'NONE', #182, 1000.000000000000000 ) ;
#1925 = EDGE_CURVE ( 'NONE', #1479, #1348, #2813, .T. ) ;
#1926 = DIRECTION ( 'NONE',  ( -1.807003620809174878E-16, 1.000000000000000000, 0.000000000000000000 ) ) ;
#1927 = AXIS2_PLACEMENT_3D ( 'NONE', #267, #2474, #3608 ) ;
#1928 = DIRECTION ( 'NONE',  ( 0.000000000000000000, 0.000000000000000000, -1.000000000000000000 ) ) ;
#1929 = ADVANCED_BREP_SHAPE_REPRESENTATION ( '', ( #1181, #913 ), #1600 ) ;
#1930 = AXIS2_PLACEMENT_3D ( 'NONE', #607, #1200, #2849 ) ;
#1931 = CARTESIAN_POINT ( 'NONE',  ( 4.642970389728856592E-16, 1.399999999999999911, -0.7000000000000000666 ) ) ;
#1932 = VECTOR ( 'NONE', #2733, 1000.000000000000000 ) ;
#1933 = DIRECTION ( 'NONE',  ( 0.000000000000000000, 0.2946324443755298783, -0.9556106543573592571 ) ) ;
#1934 = CARTESIAN_POINT ( 'NONE',  ( 5.400000000000000355, 0.000000000000000000, -1.750000000000000000 ) ) ;
#1935 = ORIENTED_EDGE ( 'NONE', *, *, #3137, .F. ) ;
#1936 = ADVANCED_FACE ( 'NONE', ( #1403 ), #26, .T. ) ;
#1937 = AXIS2_PLACEMENT_3D ( 'NONE', #359, #1454, #1225 ) ;
#1938 = CARTESIAN_POINT ( 'NONE',  ( 3.900000000000000799, 0.000000000000000000, -1.750000000000000000 ) ) ;
#1939 = CARTESIAN_POINT ( 'NONE',  ( -2.500000000000000444, 1.099999999999999867, 1.350000000000000089 ) ) ;
#1940 = AXIS2_PLACEMENT_3D ( 'NONE', #1666, #2029, #576 ) ;
#1941 = CARTESIAN_POINT ( 'NONE',  ( 8.500000000000000000, 2.700000000000000178, 1.350000000000000311 ) ) ;
#1942 = ORIENTED_EDGE ( 'NONE', *, *, #3434, .F. ) ;
#1943 = ORIENTED_EDGE ( 'NONE', *, *, #3103, .T. ) ;
#1944 = CIRCLE ( 'NONE', #3186, 0.2500000000000000000 ) ;
#1945 = FACE_OUTER_BOUND ( 'NONE', #1436, .T. ) ;
#1946 = CARTESIAN_POINT ( 'NONE',  ( 2.400000000000000355, 0.000000000000000000, 1.750000000000000000 ) ) ;
#1947 = VERTEX_POINT ( 'NONE', #247 ) ;
#1948 = VECTOR ( 'NONE', #2388, 1000.000000000000000 ) ;
#1949 = DIRECTION ( 'NONE',  ( 1.000000000000000000, -0.000000000000000000, -0.000000000000000000 ) ) ;
#1950 = LINE ( 'NONE', #1391, #592 ) ;
#1951 = VERTEX_POINT ( 'NONE', #1140 ) ;
#1952 = PLANE ( 'NONE',  #1689 ) ;
#1953 = ADVANCED_FACE ( 'NONE', ( #3362 ), #3346, .F. ) ;
#1954 = CARTESIAN_POINT ( 'NONE',  ( 7.799999999999999822, 1.699999999999999734, -1.750000000000000000 ) ) ;
#1955 = CARTESIAN_POINT ( 'NONE',  ( -2.500000000000000444, 4.500000000000000000, -0.9999999999999978906 ) ) ;
#1956 = UNCERTAINTY_MEASURE_WITH_UNIT (LENGTH_MEASURE( 1.000000000000000082E-05 ), #634, 'distance_accuracy_value', 'NONE');
#1957 =( REPRESENTATION_RELATIONSHIP ('NONE','NONE', #2387, #2543 ) REPRESENTATION_RELATIONSHIP_WITH_TRANSFORMATION ( #2425 )SHAPE_REPRESENTATION_RELATIONSHIP( ) );
#1958 = EDGE_CURVE ( 'NONE', #2280, #347, #3309, .T. ) ;
#1959 = DIRECTION ( 'NONE',  ( 1.000000000000000000, -0.000000000000000000, -0.000000000000000000 ) ) ;
#1960 = DIRECTION ( 'NONE',  ( -1.000000000000000000, 0.000000000000000000, 0.000000000000000000 ) ) ;
#1961 = DIRECTION ( 'NONE',  ( 0.000000000000000000, 0.9556106543573598122, -0.2946324443755284350 ) ) ;
#1962 = ORIENTED_EDGE ( 'NONE', *, *, #1705, .T. ) ;
#1963 = VERTEX_POINT ( 'NONE', #2246 ) ;
#1964 = CARTESIAN_POINT ( 'NONE',  ( 1.500000000000000000, -1.899999999999999911, -0.9499999999999999556 ) ) ;
#1965 = ORIENTED_EDGE ( 'NONE', *, *, #3429, .T. ) ;
#1966 = DIRECTION ( 'NONE',  ( 0.000000000000000000, -0.9556106543573588130, 0.2946324443755309330 ) ) ;
#1967 = EDGE_LOOP ( 'NONE', ( #2852, #955, #945, #2255 ) ) ;
#1968 = DIRECTION ( 'NONE',  ( 1.000000000000000000, 0.000000000000000000, 0.000000000000000000 ) ) ;
#1969 = SURFACE_STYLE_FILL_AREA ( #1221 ) ;
#1970 = LINE ( 'NONE', #866, #2182 ) ;
#1971 = ADVANCED_FACE ( 'NONE', ( #793 ), #2771, .F. ) ;
#1972 = LINE ( 'NONE', #92, #1575 ) ;
#1973 = DIRECTION ( 'NONE',  ( -1.000000000000000000, -0.000000000000000000, -0.000000000000000000 ) ) ;
#1974 = EDGE_LOOP ( 'NONE', ( #809, #570, #2494, #3325 ) ) ;
#1975 = CARTESIAN_POINT ( 'NONE',  ( 8.099999999999999645, 2.204364238465235083E-16, -1.750000000000000000 ) ) ;
#1976 = ORIENTED_EDGE ( 'NONE', *, *, #1995, .F. ) ;
#1977 = ORIENTED_EDGE ( 'NONE', *, *, #3150, .T. ) ;
#1978 = DIRECTION ( 'NONE',  ( 0.000000000000000000, 0.000000000000000000, -1.000000000000000000 ) ) ;
#1979 = ORIENTED_EDGE ( 'NONE', *, *, #1424, .F. ) ;
#1980 = CIRCLE ( 'NONE', #2799, 0.2499999999999999445 ) ;
#1981 = CARTESIAN_POINT ( 'NONE',  ( -0.5999999999999998668, 0.000000000000000000, -1.750000000000000000 ) ) ;
#1982 = VECTOR ( 'NONE', #672, 1000.000000000000000 ) ;
#1983 = CARTESIAN_POINT ( 'NONE',  ( 1.500000000000000000, -0.9000000000000000222, -0.9499999999999999556 ) ) ;
#1984 = VERTEX_POINT ( 'NONE', #2754 ) ;
#1985 = AXIS2_PLACEMENT_3D ( 'NONE', #2284, #104, #3147 ) ;
#1986 = CARTESIAN_POINT ( 'NONE',  ( 1.500000000000000000, 3.799999999999999822, -0.5000000000000000000 ) ) ;
#1987 = SHAPE_REPRESENTATION_RELATIONSHIP ( 'NONE' , 'NONE' ,  #1799, #1166 ) ;
#1988 = VECTOR ( 'NONE', #2363, 1000.000000000000000 ) ;
#1989 = DIRECTION ( 'NONE',  ( 1.807003620809174878E-16, -1.000000000000000000, -0.000000000000000000 ) ) ;
#1990 = ORIENTED_EDGE ( 'NONE', *, *, #2990, .T. ) ;
#1991 = AXIS2_PLACEMENT_3D ( 'NONE', #2036, #3161, #662 ) ;
#1992 = ORIENTED_EDGE ( 'NONE', *, *, #3604, .F. ) ;
#1993 = DIRECTION ( 'NONE',  ( 0.000000000000000000, 1.232047923278981706E-16, -1.000000000000000000 ) ) ;
#1994 = CARTESIAN_POINT ( 'NONE',  ( 5.100000000000000533, 2.204364238465235083E-16, 1.750000000000000000 ) ) ;
#1995 = EDGE_CURVE ( 'NONE', #1159, #2382, #2477, .T. ) ;
#1996 = FACE_OUTER_BOUND ( 'NONE', #1753, .T. ) ;
#1997 = ORIENTED_EDGE ( 'NONE', *, *, #2850, .F. ) ;
#1998 = ORIENTED_EDGE ( 'NONE', *, *, #684, .T. ) ;
#1999 = AXIS2_PLACEMENT_3D ( 'NONE', #619, #2841, #1722 ) ;
#2000 = AXIS2_PLACEMENT_3D ( 'NONE', #90, #3425, #1130 ) ;
#2001 = EDGE_CURVE ( 'NONE', #3341, #1285, #3021, .T. ) ;
#2002 = ADVANCED_FACE ( 'NONE', ( #1921 ), #7, .T. ) ;
#2003 = DIRECTION ( 'NONE',  ( -0.000000000000000000, 1.000000000000000000, -0.000000000000000000 ) ) ;
#2004 = VERTEX_POINT ( 'NONE', #1946 ) ;
#2005 = VECTOR ( 'NONE', #226, 1000.000000000000000 ) ;
#2006 = DIRECTION ( 'NONE',  ( 1.000000000000000000, 0.000000000000000000, 0.000000000000000000 ) ) ;
#2007 = EDGE_CURVE ( 'NONE', #635, #495, #1759, .T. ) ;
#2008 = CARTESIAN_POINT ( 'NONE',  ( 8.500000000000000000, 2.700000000000000178, -1.350000000000000089 ) ) ;
#2009 = ORIENTED_EDGE ( 'NONE', *, *, #3103, .F. ) ;
#2010 = ORIENTED_EDGE ( 'NONE', *, *, #3177, .T. ) ;
#2011 = CARTESIAN_POINT ( 'NONE',  ( -2.999999999999999556, 4.299999999999999822, 0.000000000000000000 ) ) ;
#2012 =( NAMED_UNIT ( * ) SI_UNIT ( $, .STERADIAN. ) SOLID_ANGLE_UNIT ( ) );
#2013 = CARTESIAN_POINT ( 'NONE',  ( -2.999999999999999556, 4.500000000000000000, 1.750000000000000000 ) ) ;
#2014 = DIRECTION ( 'NONE',  ( -1.807003620809174878E-16, 1.000000000000000000, 0.000000000000000000 ) ) ;
#2015 = FACE_OUTER_BOUND ( 'NONE', #412, .T. ) ;
#2016 = VERTEX_POINT ( 'NONE', #520 ) ;
#2017 = EDGE_LOOP ( 'NONE', ( #3378, #1287, #1783, #1965 ) ) ;
#2018 = DIRECTION ( 'NONE',  ( 1.807003620809174878E-16, -1.000000000000000000, -0.000000000000000000 ) ) ;
#2019 = ORIENTED_EDGE ( 'NONE', *, *, #925, .F. ) ;
#2020 = FACE_OUTER_BOUND ( 'NONE', #3460, .T. ) ;
#2021 = ADVANCED_FACE ( 'NONE', ( #1617 ), #724, .T. ) ;
#2022 = CARTESIAN_POINT ( 'NONE',  ( -2.500000000000000444, 3.374999999999990230, -0.9250000000000039302 ) ) ;
#2023 = ADVANCED_FACE ( 'NONE', ( #1347 ), #2192, .F. ) ;
#2024 = CARTESIAN_POINT ( 'NONE',  ( 4.336808689942017736E-16, 0.000000000000000000, -1.750000000000000000 ) ) ;
#2025 = ORIENTED_EDGE ( 'NONE', *, *, #3406, .T. ) ;
#2026 = EDGE_CURVE ( 'NONE', #323, #495, #1697, .T. ) ;
#2027 = CARTESIAN_POINT ( 'NONE',  ( 2.100000000000000089, 2.204364238465235083E-16, -1.750000000000000000 ) ) ;
#2028 = SHAPE_REPRESENTATION_RELATIONSHIP ( 'NONE' , 'NONE' ,  #2143, #1929 ) ;
#2029 = DIRECTION ( 'NONE',  ( 1.000000000000000000, 0.000000000000000000, 0.000000000000000000 ) ) ;
#2030 = EDGE_LOOP ( 'NONE', ( #3383, #2887, #1446, #1990 ) ) ;
#2031 = ORIENTED_EDGE ( 'NONE', *, *, #3495, .T. ) ;
#2032 = CARTESIAN_POINT ( 'NONE',  ( 4.336808689942017736E-16, 1.399999999999999911, -0.4500000000000001221 ) ) ;
#2033 = DIRECTION ( 'NONE',  ( 0.000000000000000000, 0.000000000000000000, -1.000000000000000000 ) ) ;
#2034 = ORIENTED_EDGE ( 'NONE', *, *, #1381, .F. ) ;
#2035 = ORIENTED_EDGE ( 'NONE', *, *, #2429, .F. ) ;
#2036 = CARTESIAN_POINT ( 'NONE',  ( 1.500000000000000000, -1.752683777812235055, -0.4721946728213200495 ) ) ;
#2037 = ORIENTED_EDGE ( 'NONE', *, *, #579, .T. ) ;
#2038 = LINE ( 'NONE', #205, #1512 ) ;
#2039 = LINE ( 'NONE', #3164, #1755 ) ;
#2040 = DIRECTION ( 'NONE',  ( -1.000000000000000000, -0.000000000000000000, -0.000000000000000000 ) ) ;
#2041 = ORIENTED_EDGE ( 'NONE', *, *, #2463, .T. ) ;
#2042 = PRODUCT_RELATED_PRODUCT_CATEGORY ( 'part', '', ( #1369 ) ) ;
#2043 = EDGE_CURVE ( 'NONE', #2688, #1085, #3115, .T. ) ;
#2044 = EDGE_LOOP ( 'NONE', ( #1241, #993, #3542, #3159 ) ) ;
#2045 = VERTEX_POINT ( 'NONE', #2824 ) ;
#2046 = CARTESIAN_POINT ( 'NONE',  ( 3.900000000000000799, 4.500000000000000000, 1.750000000000000000 ) ) ;
#2047 = VECTOR ( 'NONE', #669, 1000.000000000000000 ) ;
#2048 = CARTESIAN_POINT ( 'NONE',  ( 0.000000000000000000, 0.000000000000000000, 0.000000000000000000 ) ) ;
#2049 = DIRECTION ( 'NONE',  ( -0.000000000000000000, -0.7071067811865489050, 0.7071067811865462405 ) ) ;
#2050 = VECTOR ( 'NONE', #1495, 1000.000000000000000 ) ;
#2051 = COLOUR_RGB ( '',0.7960784313725489669, 0.8235294117647058432, 0.9372549019607843146 ) ;
#2052 = CARTESIAN_POINT ( 'NONE',  ( -0.5999999999999998668, 0.1499999999999999944, -1.750000000000000000 ) ) ;
#2053 = CARTESIAN_POINT ( 'NONE',  ( 6.000000000000000000, 0.1500000000000001055, -0.2000000000000001499 ) ) ;
#2054 = CARTESIAN_POINT ( 'NONE',  ( 1.500000000000000000, -1.425000000000000044, -0.5500000000000080380 ) ) ;
#2055 = VERTEX_POINT ( 'NONE', #1760 ) ;
#2056 = EDGE_LOOP ( 'NONE', ( #1557, #933 ) ) ;
#2057 = CIRCLE ( 'NONE', #83, 0.2000000000000000389 ) ;
#2058 = AXIS2_PLACEMENT_3D ( 'NONE', #3570, #1637, #2208 ) ;
#2059 = DIRECTION ( 'NONE',  ( -0.000000000000000000, -0.000000000000000000, 1.000000000000000000 ) ) ;
#2060 = CARTESIAN_POINT ( 'NONE',  ( 2.400000000000000355, 0.000000000000000000, -1.750000000000000000 ) ) ;
#2061 = AXIS2_PLACEMENT_3D ( 'NONE', #169, #944, #418 ) ;
#2062 = LINE ( 'NONE', #1781, #2753 ) ;
#2063 = ORIENTED_EDGE ( 'NONE', *, *, #1353, .F. ) ;
#2064 = ORIENTED_EDGE ( 'NONE', *, *, #3537, .T. ) ;
#2065 = VECTOR ( 'NONE', #3375, 1000.000000000000000 ) ;
#2066 = ORIENTED_EDGE ( 'NONE', *, *, #3326, .F. ) ;
#2067 = VECTOR ( 'NONE', #3532, 1000.000000000000000 ) ;
#2068 = ORIENTED_EDGE ( 'NONE', *, *, #579, .F. ) ;
#2069 = LINE ( 'NONE', #2085, #1924 ) ;
#2070 = DIRECTION ( 'NONE',  ( 0.000000000000000000, 1.232047923278981706E-16, -1.000000000000000000 ) ) ;
#2071 = ADVANCED_FACE ( 'NONE', ( #3459 ), #602, .T. ) ;
#2072 = AXIS2_PLACEMENT_3D ( 'NONE', #1303, #742, #2964 ) ;
#2073 = CARTESIAN_POINT ( 'NONE',  ( 1.500000000000000000, 3.799999999999999822, -0.4500000000000000111 ) ) ;
#2074 = DIRECTION ( 'NONE',  ( 1.000000000000000000, 0.000000000000000000, 0.000000000000000000 ) ) ;
#2075 = ORIENTED_EDGE ( 'NONE', *, *, #1424, .T. ) ;
#2076 = EDGE_CURVE ( 'NONE', #362, #2122, #1194, .T. ) ;
#2077 = LINE ( 'NONE', #1516, #3356 ) ;
#2078 = CARTESIAN_POINT ( 'NONE',  ( 4.500000000000000888, 0.1500000000000001055, -0.4500000000000001221 ) ) ;
#2079 = VERTEX_POINT ( 'NONE', #2281 ) ;
#2080 = LINE ( 'NONE', #3483, #2507 ) ;
#2081 = DIRECTION ( 'NONE',  ( 0.000000000000000000, 0.000000000000000000, -1.000000000000000000 ) ) ;
#2082 = VERTEX_POINT ( 'NONE', #3106 ) ;
#2083 = ORIENTED_EDGE ( 'NONE', *, *, #1278, .F. ) ;
#2084 = DIRECTION ( 'NONE',  ( 1.000000000000000000, 0.000000000000000000, 0.000000000000000000 ) ) ;
#2085 = CARTESIAN_POINT ( 'NONE',  ( 0.9000000000000002442, 0.000000000000000000, -1.750000000000000000 ) ) ;
#2086 = DIRECTION ( 'NONE',  ( 0.000000000000000000, 0.000000000000000000, -1.000000000000000000 ) ) ;
#2087 = LINE ( 'NONE', #1566, #95 ) ;
#2088 = CARTESIAN_POINT ( 'NONE',  ( -2.500000000000000444, 1.099999999999999867, -1.350000000000000089 ) ) ;
#2089 = ORIENTED_EDGE ( 'NONE', *, *, #184, .T. ) ;
#2090 = ORIENTED_EDGE ( 'NONE', *, *, #3137, .T. ) ;
#2091 = ADVANCED_FACE ( 'NONE', ( #1707 ), #2690, .T. ) ;
#2092 = PLANE ( 'NONE',  #2576 ) ;
#2093 = CARTESIAN_POINT ( 'NONE',  ( 3.000000000000000444, 0.000000000000000000, 1.750000000000000000 ) ) ;
#2094 = ORIENTED_EDGE ( 'NONE', *, *, #1471, .T. ) ;
#2095 = EDGE_CURVE ( 'NONE', #752, #1530, #43, .T. ) ;
#2096 = CARTESIAN_POINT ( 'NONE',  ( -2.999999999999999556, 1.100000000000000311, -1.750000000000000000 ) ) ;
#2097 = PLANE ( 'NONE',  #1302 ) ;
#2098 = EDGE_CURVE ( 'NONE', #1022, #752, #142, .T. ) ;
#2099 = EDGE_LOOP ( 'NONE', ( #3086, #1798, #3113, #3014 ) ) ;
#2100 = DIRECTION ( 'NONE',  ( 0.000000000000000000, 0.7071067811865497932, -0.7071067811865452413 ) ) ;
#2101 = VERTEX_POINT ( 'NONE', #643 ) ;
#2102 = CIRCLE ( 'NONE', #3047, 0.2500000000000000000 ) ;
#2103 = CARTESIAN_POINT ( 'NONE',  ( 4.336808689942017736E-16, 1.399999999999999911, -0.4500000000000001221 ) ) ;
#2104 = VECTOR ( 'NONE', #379, 1000.000000000000000 ) ;
#2105 = CARTESIAN_POINT ( 'NONE',  ( 8.250000000000000000, 1.699999999999999956, 1.350000000000000311 ) ) ;
#2106 = EDGE_CURVE ( 'NONE', #116, #919, #883, .T. ) ;
#2107 = DIRECTION ( 'NONE',  ( 0.000000000000000000, -1.000000000000000000, -1.232047923278981706E-16 ) ) ;
#2108 = VERTEX_POINT ( 'NONE', #934 ) ;
#2109 = DIRECTION ( 'NONE',  ( -0.000000000000000000, -0.000000000000000000, 1.000000000000000000 ) ) ;
#2110 = CIRCLE ( 'NONE', #380, 0.2499999999999999445 ) ;
#2111 = ADVANCED_FACE ( 'NONE', ( #328 ), #2593, .T. ) ;
#2112 = EDGE_CURVE ( 'NONE', #1807, #1460, #86, .T. ) ;
#2113 = AXIS2_PLACEMENT_3D ( 'NONE', #1215, #1226, #1978 ) ;
#2114 = LINE ( 'NONE', #3241, #2170 ) ;
#2115 = CARTESIAN_POINT ( 'NONE',  ( -2.999999999999999556, 4.500000000000000000, -1.750000000000000000 ) ) ;
#2116 = ORIENTED_EDGE ( 'NONE', *, *, #2711, .T. ) ;
#2117 = VERTEX_POINT ( 'NONE', #377 ) ;
#2118 = AXIS2_PLACEMENT_3D ( 'NONE', #2054, #2340, #696 ) ;
#2119 = CIRCLE ( 'NONE', #2762, 0.2499999999999999445 ) ;
#2120 = SHAPE_REPRESENTATION_RELATIONSHIP ( 'NONE' , 'NONE' ,  #2543, #2409 ) ;
#2121 = ORIENTED_EDGE ( 'NONE', *, *, #2183, .F. ) ;
#2122 = VERTEX_POINT ( 'NONE', #2553 ) ;
#2123 = CIRCLE ( 'NONE', #340, 0.05000000000000002359 ) ;
#2124 = DIRECTION ( 'NONE',  ( 0.000000000000000000, 0.000000000000000000, -1.000000000000000000 ) ) ;
#2125 = CARTESIAN_POINT ( 'NONE',  ( 1.500000000000000000, -1.899999999999999911, -0.9499999999999999556 ) ) ;
#2126 = CIRCLE ( 'NONE', #1538, 0.2500000000000000000 ) ;
#2127 = DIRECTION ( 'NONE',  ( 0.000000000000000000, -1.000000000000000000, -8.673617379884039416E-16 ) ) ;
#2128 = DIRECTION ( 'NONE',  ( 0.000000000000000000, 0.9556106543573592571, 0.2946324443755300448 ) ) ;
#2129 = VERTEX_POINT ( 'NONE', #2574 ) ;
#2130 = LINE ( 'NONE', #2093, #1012 ) ;
#2131 = DIRECTION ( 'NONE',  ( -0.000000000000000000, 1.000000000000000000, -0.000000000000000000 ) ) ;
#2132 = CARTESIAN_POINT ( 'NONE',  ( 1.500000000000000000, -1.047316222187764101, -0.4721946728213200495 ) ) ;
#2133 = ORIENTED_EDGE ( 'NONE', *, *, #2304, .F. ) ;
#2134 = ORIENTED_EDGE ( 'NONE', *, *, #167, .T. ) ;
#2135 = ORIENTED_EDGE ( 'NONE', *, *, #3543, .F. ) ;
#2136 = EDGE_CURVE ( 'NONE', #1136, #2209, #584, .T. ) ;
#2137 = EDGE_CURVE ( 'NONE', #362, #1085, #1195, .T. ) ;
#2138 = CARTESIAN_POINT ( 'NONE',  ( -3.000000000000000888, 0.000000000000000000, 0.000000000000000000 ) ) ;
#2139 = DIRECTION ( 'NONE',  ( -1.000000000000000000, -0.000000000000000000, -0.000000000000000000 ) ) ;
#2140 = EDGE_LOOP ( 'NONE', ( #1654, #372, #3104, #2653 ) ) ;
#2141 = EDGE_CURVE ( 'NONE', #2738, #2944, #2342, .T. ) ;
#2142 = CARTESIAN_POINT ( 'NONE',  ( 5.100000000000000533, 2.204364238465235083E-16, -1.750000000000000000 ) ) ;
#2143 = SHAPE_REPRESENTATION ( 'pin_straight', ( #913 ), #1600 ) ;
#2144 = DIRECTION ( 'NONE',  ( 1.000000000000000000, -0.000000000000000000, -0.000000000000000000 ) ) ;
#2145 = PRODUCT_DEFINITION_CONTEXT ( 'detailed design', #2826, 'design' ) ;
#2146 = DIRECTION ( 'NONE',  ( 0.000000000000000000, 0.000000000000000000, -1.000000000000000000 ) ) ;
#2147 = LINE ( 'NONE', #767, #2005 ) ;
#2148 = DIRECTION ( 'NONE',  ( -0.000000000000000000, 1.000000000000000000, -0.000000000000000000 ) ) ;
#2149 = ORIENTED_EDGE ( 'NONE', *, *, #3557, .F. ) ;
#2150 =( REPRESENTATION_RELATIONSHIP ('NONE','NONE', #2387, #2143 ) REPRESENTATION_RELATIONSHIP_WITH_TRANSFORMATION ( #2497 )SHAPE_REPRESENTATION_RELATIONSHIP( ) );
#2151 = DIRECTION ( 'NONE',  ( -1.000000000000000000, -1.807003620809174878E-16, 0.000000000000000000 ) ) ;
#2152 = ORIENTED_EDGE ( 'NONE', *, *, #2505, .F. ) ;
#2153 = ORIENTED_EDGE ( 'NONE', *, *, #1213, .F. ) ;
#2154 = EDGE_CURVE ( 'NONE', #3555, #2488, #3307, .T. ) ;
#2155 = ORIENTED_EDGE ( 'NONE', *, *, #3388, .T. ) ;
#2156 = ORIENTED_EDGE ( 'NONE', *, *, #188, .T. ) ;
#2157 = DIRECTION ( 'NONE',  ( 0.000000000000000000, 0.000000000000000000, 1.000000000000000000 ) ) ;
#2158 = LINE ( 'NONE', #2199, #3408 ) ;
#2159 = EDGE_CURVE ( 'NONE', #2079, #3342, #2628, .T. ) ;
#2160 = DIRECTION ( 'NONE',  ( 0.000000000000000000, 0.000000000000000000, -1.000000000000000000 ) ) ;
#2161 = CARTESIAN_POINT ( 'NONE',  ( 1.500000000000000000, -1.047316222187764101, -0.4721946728213209932 ) ) ;
#2162 = CIRCLE ( 'NONE', #195, 0.2499999999999999445 ) ;
#2163 = VECTOR ( 'NONE', #2838, 1000.000000000000000 ) ;
#2164 = DIRECTION ( 'NONE',  ( -1.807003620809174878E-16, 1.000000000000000000, 0.000000000000000000 ) ) ;
#2165 = ORIENTED_EDGE ( 'NONE', *, *, #1821, .F. ) ;
#2166 = CARTESIAN_POINT ( 'NONE',  ( -2.500000000000000444, 1.100000000000000089, -6.505213034913026604E-16 ) ) ;
#2167 = ORIENTED_EDGE ( 'NONE', *, *, #3196, .F. ) ;
#2168 = VECTOR ( 'NONE', #1928, 1000.000000000000000 ) ;
#2169 = CARTESIAN_POINT ( 'NONE',  ( -2.999999999999999556, 3.100000000000000089, -0.4000000000000001332 ) ) ;
#2170 = VECTOR ( 'NONE', #1559, 1000.000000000000000 ) ;
#2171 = DIRECTION ( 'NONE',  ( 0.000000000000000000, 0.000000000000000000, 1.000000000000000000 ) ) ;
#2172 = FACE_OUTER_BOUND ( 'NONE', #353, .T. ) ;
#2173 = VECTOR ( 'NONE', #3554, 1000.000000000000000 ) ;
#2174 = SHAPE_DEFINITION_REPRESENTATION ( #1082, #2143 ) ;
#2175 = ORIENTED_EDGE ( 'NONE', *, *, #1925, .F. ) ;
#2176 = VECTOR ( 'NONE', #1276, 1000.000000000000000 ) ;
#2177 = DIRECTION ( 'NONE',  ( 0.000000000000000000, -1.000000000000000000, 0.000000000000000000 ) ) ;
#2178 = FACE_OUTER_BOUND ( 'NONE', #2287, .T. ) ;
#2179 = VECTOR ( 'NONE', #2273, 1000.000000000000000 ) ;
#2180 = CARTESIAN_POINT ( 'NONE',  ( 1.500000000000000000, -1.826341888906119815, -0.7110973364106599748 ) ) ;
#2181 = DIRECTION ( 'NONE',  ( 0.000000000000000000, 1.000000000000000000, 0.000000000000000000 ) ) ;
#2182 = VECTOR ( 'NONE', #67, 1000.000000000000000 ) ;
#2183 = EDGE_CURVE ( 'NONE', #1190, #2328, #1071, .T. ) ;
#2184 = PRODUCT_DEFINITION_SHAPE ( 'NONE', 'NONE',  #3618 ) ;
#2185 = EDGE_CURVE ( 'NONE', #1112, #1879, #2130, .T. ) ;
#2186 = TOROIDAL_SURFACE ( 'NONE', #911, 0.05000000000000000278, 0.2000000000000000111 ) ;
#2187 = CARTESIAN_POINT ( 'NONE',  ( 1.500000000000000444, 0.000000000000000000, -0.4500000000000001221 ) ) ;
#2188 = DIRECTION ( 'NONE',  ( 1.000000000000000000, -0.000000000000000000, 0.000000000000000000 ) ) ;
#2189 = FACE_OUTER_BOUND ( 'NONE', #756, .T. ) ;
#2190 = ORIENTED_EDGE ( 'NONE', *, *, #864, .F. ) ;
#2191 = LINE ( 'NONE', #3074, #2512 ) ;
#2192 = CYLINDRICAL_SURFACE ( 'NONE', #2756, 0.2499999999999999445 ) ;
#2193 = VERTEX_POINT ( 'NONE', #753 ) ;
#2194 = ORIENTED_EDGE ( 'NONE', *, *, #2095, .T. ) ;
#2195 = CARTESIAN_POINT ( 'NONE',  ( 4.336808689942017736E-16, 0.000000000000000000, -0.4500000000000001221 ) ) ;
#2196 = VERTEX_POINT ( 'NONE', #1812 ) ;
#2197 = APPLICATION_PROTOCOL_DEFINITION ( 'draft international standard', 'automotive_design', 1998, #2826 ) ;
#2198 = CARTESIAN_POINT ( 'NONE',  ( 9.000000000000001776, 4.500000000000000888, -0.7999999999999997113 ) ) ;
#2199 = CARTESIAN_POINT ( 'NONE',  ( -2.500000000000000444, 1.399999999999999911, 0.000000000000000000 ) ) ;
#2200 = DIRECTION ( 'NONE',  ( 0.000000000000000000, 0.000000000000000000, 1.000000000000000000 ) ) ;
#2201 = DIRECTION ( 'NONE',  ( 1.807003620809174878E-16, -1.000000000000000000, -0.000000000000000000 ) ) ;
#2202 = DIRECTION ( 'NONE',  ( -1.000000000000000000, -0.000000000000000000, -0.000000000000000000 ) ) ;
#2203 = PRODUCT_DEFINITION ( 'UNKNOWN', '', #865, #1093 ) ;
#2204 = EDGE_CURVE ( 'NONE', #395, #2262, #1574, .T. ) ;
#2205 = EDGE_LOOP ( 'NONE', ( #2558, #2606, #417, #3304 ) ) ;
#2206 = LINE ( 'NONE', #3345, #2292 ) ;
#2207 = ADVANCED_FACE ( 'NONE', ( #1778 ), #1282, .T. ) ;
#2208 = DIRECTION ( 'NONE',  ( 0.000000000000000000, -0.000000000000000000, -1.000000000000000000 ) ) ;
#2209 = VERTEX_POINT ( 'NONE', #2906 ) ;
#2210 = EDGE_CURVE ( 'NONE', #2632, #3363, #1518, .T. ) ;
#2211 = PRODUCT_CONTEXT ( 'NONE', #1051, 'mechanical' ) ;
#2212 = EDGE_LOOP ( 'NONE', ( #2600, #2350, #251, #641 ) ) ;
#2213 = CARTESIAN_POINT ( 'NONE',  ( 1.500000000000000000, -1.375000000000000000, -0.5500000000000080380 ) ) ;
#2214 = LINE ( 'NONE', #513, #3598 ) ;
#2215 = CARTESIAN_POINT ( 'NONE',  ( 0.000000000000000000, 1.099999999999999867, 0.000000000000000000 ) ) ;
#2216 = LINE ( 'NONE', #2471, #615 ) ;
#2217 = ORIENTED_EDGE ( 'NONE', *, *, #3465, .T. ) ;
#2218 = CARTESIAN_POINT ( 'NONE',  ( 1.500000000000000000, 3.600000000000000089, -0.6999999999999999556 ) ) ;
#2219 = ORIENTED_EDGE ( 'NONE', *, *, #2374, .T. ) ;
#2220 = ORIENTED_EDGE ( 'NONE', *, *, #1142, .T. ) ;
#2221 = ADVANCED_FACE ( 'NONE', ( #2687 ), #3239, .T. ) ;
#2222 = AXIS2_PLACEMENT_3D ( 'NONE', #839, #1359, #1338 ) ;
#2223 = DIRECTION ( 'NONE',  ( 0.000000000000000000, -1.000000000000000000, 0.000000000000000000 ) ) ;
#2224 = AXIS2_PLACEMENT_3D ( 'NONE', #3277, #2344, #973 ) ;
#2225 = DIRECTION ( 'NONE',  ( -0.000000000000000000, -0.000000000000000000, 1.000000000000000000 ) ) ;
#2226 = AXIS2_PLACEMENT_3D ( 'NONE', #236, #2177, #278 ) ;
#2227 = LINE ( 'NONE', #814, #3579 ) ;
#2228 = AXIS2_PLACEMENT_3D ( 'NONE', #2691, #1246, #3262 ) ;
#2229 = ADVANCED_FACE ( 'NONE', ( #1240 ), #190, .F. ) ;
#2230 = CARTESIAN_POINT ( 'NONE',  ( 8.500000000000000000, 1.099999999999999867, 1.350000000000000089 ) ) ;
#2231 = AXIS2_PLACEMENT_3D ( 'NONE', #1370, #3057, #1657 ) ;
#2232 = CARTESIAN_POINT ( 'NONE',  ( -2.499999999999999112, 1.700000000000000178, -1.750000000000000000 ) ) ;
#2233 = DIRECTION ( 'NONE',  ( 1.000000000000000000, 0.000000000000000000, 0.000000000000000000 ) ) ;
#2234 = ORIENTED_EDGE ( 'NONE', *, *, #3531, .F. ) ;
#2235 = APPLICATION_CONTEXT ( 'automotive_design' ) ;
#2236 = EDGE_LOOP ( 'NONE', ( #1979, #1266 ) ) ;
#2237 = CIRCLE ( 'NONE', #2061, 0.05000000000000002359 ) ;
#2238 = CARTESIAN_POINT ( 'NONE',  ( -2.999999999999999556, 0.000000000000000000, -1.750000000000000000 ) ) ;
#2239 = CARTESIAN_POINT ( 'NONE',  ( 0.5999999999999998668, 0.000000000000000000, -1.750000000000000000 ) ) ;
#2240 = VECTOR ( 'NONE', #1883, 1000.000000000000000 ) ;
#2241 = CARTESIAN_POINT ( 'NONE',  ( -2.500000000000000444, 4.500000000000000000, -1.350000000000000089 ) ) ;
#2242 = ORIENTED_EDGE ( 'NONE', *, *, #2210, .T. ) ;
#2243 = EDGE_LOOP ( 'NONE', ( #450, #1652 ) ) ;
#2244 = ORIENTED_EDGE ( 'NONE', *, *, #2735, .F. ) ;
#2245 = CIRCLE ( 'NONE', #441, 0.3999999999999998002 ) ;
#2246 = CARTESIAN_POINT ( 'NONE',  ( -1.799999999999998934, 1.699999999999999734, -1.350000000000000089 ) ) ;
#2247 = EDGE_LOOP ( 'NONE', ( #918, #1473, #3154, #316 ) ) ;
#2248 =( GEOMETRIC_REPRESENTATION_CONTEXT ( 3 ) GLOBAL_UNCERTAINTY_ASSIGNED_CONTEXT ( ( #261 ) ) GLOBAL_UNIT_ASSIGNED_CONTEXT ( ( #3424, #89, #2012 ) ) REPRESENTATION_CONTEXT ( 'NONE', 'WORKASPACE' ) );
#2249 = DIRECTION ( 'NONE',  ( -0.000000000000000000, 1.000000000000000000, -0.000000000000000000 ) ) ;
#2250 = EDGE_CURVE ( 'NONE', #1598, #2322, #1361, .T. ) ;
#2251 = EDGE_CURVE ( 'NONE', #3503, #1387, #1262, .T. ) ;
#2252 = CARTESIAN_POINT ( 'NONE',  ( 1.500000000000000000, -1.899999999999999911, -0.4500000000000000111 ) ) ;
#2253 = ADVANCED_FACE ( 'NONE', ( #1793 ), #1500, .F. ) ;
#2254 = CARTESIAN_POINT ( 'NONE',  ( -2.999999999999999556, 1.100000000000000089, -1.550000000000000044 ) ) ;
#2255 = ORIENTED_EDGE ( 'NONE', *, *, #51, .F. ) ;
#2256 = CARTESIAN_POINT ( 'NONE',  ( 0.9000000000000002442, 0.000000000000000000, -1.750000000000000000 ) ) ;
#2257 = LINE ( 'NONE', #1453, #2454 ) ;
#2258 = ORIENTED_EDGE ( 'NONE', *, *, #2591, .F. ) ;
#2259 = CARTESIAN_POINT ( 'NONE',  ( 1.500000000000000444, 0.000000000000000000, -0.7000000000000000666 ) ) ;
#2260 = ORIENTED_EDGE ( 'NONE', *, *, #258, .T. ) ;
#2261 = VERTEX_POINT ( 'NONE', #2670 ) ;
#2262 = VERTEX_POINT ( 'NONE', #130 ) ;
#2263 = CARTESIAN_POINT ( 'NONE',  ( 1.500000000000000000, 0.000000000000000000, 0.000000000000000000 ) ) ;
#2264 = ORIENTED_EDGE ( 'NONE', *, *, #3406, .F. ) ;
#2265 = LINE ( 'NONE', #885, #1869 ) ;
#2266 = DIRECTION ( 'NONE',  ( -0.000000000000000000, 1.000000000000000000, -0.000000000000000000 ) ) ;
#2267 = LINE ( 'NONE', #1503, #1645 ) ;
#2268 = ORIENTED_EDGE ( 'NONE', *, *, #1317, .T. ) ;
#2269 =( REPRESENTATION_RELATIONSHIP ('NONE','NONE', #2387, #2143 ) REPRESENTATION_RELATIONSHIP_WITH_TRANSFORMATION ( #775 )SHAPE_REPRESENTATION_RELATIONSHIP( ) );
#2270 = DIRECTION ( 'NONE',  ( 0.000000000000000000, 0.000000000000000000, -1.000000000000000000 ) ) ;
#2271 = EDGE_CURVE ( 'NONE', #2382, #2426, #700, .T. ) ;
#2272 =( LENGTH_UNIT ( ) NAMED_UNIT ( * ) SI_UNIT ( .MILLI., .METRE. ) );
#2273 = DIRECTION ( 'NONE',  ( 0.000000000000000000, -1.000000000000000000, 0.000000000000000000 ) ) ;
#2274 = ORIENTED_EDGE ( 'NONE', *, *, #1333, .F. ) ;
#2275 = PRODUCT_DEFINITION_SHAPE ( 'NONE', 'NONE',  #3611 ) ;
#2276 = LINE ( 'NONE', #2568, #1769 ) ;
#2277 = EDGE_LOOP ( 'NONE', ( #2559, #1442, #443, #2981 ) ) ;
#2278 = CARTESIAN_POINT ( 'NONE',  ( -0.9000000000000002442, 0.1500000000000002165, -1.750000000000000000 ) ) ;
#2279 = ORIENTED_EDGE ( 'NONE', *, *, #675, .T. ) ;
#2280 = VERTEX_POINT ( 'NONE', #2918 ) ;
#2281 = CARTESIAN_POINT ( 'NONE',  ( 1.500000000000000000, -2.500000000000000000, -0.2000000000000000111 ) ) ;
#2282 = AXIS2_PLACEMENT_3D ( 'NONE', #279, #3370, #2480 ) ;
#2283 = CARTESIAN_POINT ( 'NONE',  ( 5.400000000000000355, 0.000000000000000000, -1.750000000000000000 ) ) ;
#2284 = CARTESIAN_POINT ( 'NONE',  ( 1.500000000000000000, 3.600000000000000089, -0.4500000000000000111 ) ) ;
#2285 = VECTOR ( 'NONE', #707, 1000.000000000000000 ) ;
#2286 = APPLICATION_CONTEXT ( 'automotive_design' ) ;
#2287 = EDGE_LOOP ( 'NONE', ( #3019, #1201, #1177, #1268 ) ) ;
#2288 = EDGE_LOOP ( 'NONE', ( #1619, #1935, #914, #2297 ) ) ;
#2289 = MECHANICAL_DESIGN_GEOMETRIC_PRESENTATION_REPRESENTATION (  '', ( #1351 ), #2993 ) ;
#2290 = CARTESIAN_POINT ( 'NONE',  ( 3.000000000000000444, 0.1500000000000001055, -0.2000000000000001499 ) ) ;
#2291 =( NAMED_UNIT ( * ) SI_UNIT ( $, .STERADIAN. ) SOLID_ANGLE_UNIT ( ) );
#2292 = VECTOR ( 'NONE', #3569, 1000.000000000000000 ) ;
#2293 = DIRECTION ( 'NONE',  ( 0.000000000000000000, -1.000000000000000000, -1.153406566473939781E-16 ) ) ;
#2294 = VECTOR ( 'NONE', #555, 1000.000000000000000 ) ;
#2295 = CARTESIAN_POINT ( 'NONE',  ( 6.000000000000000000, 1.399999999999999911, -0.4500000000000001221 ) ) ;
#2296 =( LENGTH_UNIT ( ) NAMED_UNIT ( * ) SI_UNIT ( .MILLI., .METRE. ) );
#2297 = ORIENTED_EDGE ( 'NONE', *, *, #3471, .F. ) ;
#2298 = EDGE_CURVE ( 'NONE', #2312, #2842, #1849, .T. ) ;
#2299 = VERTEX_POINT ( 'NONE', #987 ) ;
#2300 = ADVANCED_FACE ( 'NONE', ( #3260 ), #3497, .F. ) ;
#2301 = AXIS2_PLACEMENT_3D ( 'NONE', #209, #1314, #422 ) ;
#2302 = VECTOR ( 'NONE', #2375, 1000.000000000000000 ) ;
#2303 = ORIENTED_EDGE ( 'NONE', *, *, #1791, .T. ) ;
#2304 = EDGE_CURVE ( 'NONE', #478, #1854, #1614, .T. ) ;
#2305 = CIRCLE ( 'NONE', #732, 0.7500000000000000000 ) ;
#2306 = CARTESIAN_POINT ( 'NONE',  ( -2.999999999999999556, 4.500000000000000000, 0.1999999999999984568 ) ) ;
#2307 = PRESENTATION_LAYER_ASSIGNMENT (  '', '', ( #1659 ) ) ;
#2308 = DIRECTION ( 'NONE',  ( -0.000000000000000000, 1.000000000000000000, -0.000000000000000000 ) ) ;
#2309 = FACE_OUTER_BOUND ( 'NONE', #3592, .T. ) ;
#2310 = CARTESIAN_POINT ( 'NONE',  ( -2.100000000000000089, 0.1499999999999999944, -1.750000000000000000 ) ) ;
#2311 = EDGE_LOOP ( 'NONE', ( #485, #923 ) ) ;
#2312 = VERTEX_POINT ( 'NONE', #568 ) ;
#2313 = EDGE_CURVE ( 'NONE', #123, #41, #1599, .T. ) ;
#2314 = DIRECTION ( 'NONE',  ( 0.000000000000000000, 1.000000000000000000, 0.000000000000000000 ) ) ;
#2315 = ORIENTED_EDGE ( 'NONE', *, *, #3557, .T. ) ;
#2316 = ORIENTED_EDGE ( 'NONE', *, *, #3326, .T. ) ;
#2317 = DIRECTION ( 'NONE',  ( -0.000000000000000000, -0.000000000000000000, 1.000000000000000000 ) ) ;
#2318 = EDGE_CURVE ( 'NONE', #659, #1797, #1631, .T. ) ;
#2319 = PLANE ( 'NONE',  #891 ) ;
#2320 = CARTESIAN_POINT ( 'NONE',  ( 7.500000000000000888, 1.399999999999999911, -0.2000000000000001499 ) ) ;
#2321 = CARTESIAN_POINT ( 'NONE',  ( 0.5999999999999998668, 4.500000000000000000, 1.750000000000000000 ) ) ;
#2322 = VERTEX_POINT ( 'NONE', #1329 ) ;
#2323 = DIRECTION ( 'NONE',  ( 0.000000000000000000, -1.000000000000000000, 0.000000000000000000 ) ) ;
#2324 = FACE_BOUND ( 'NONE', #1367, .T. ) ;
#2325 = CLOSED_SHELL ( 'NONE', ( #805, #1843, #2207, #2091, #2784, #310, #3415, #1047, #3603, #1733, #2002, #3101, #1152, #1834, #1532, #145, #835, #2111, #3327, #1273, #252, #2884, #505, #2021 ) ) ;
#2326 = DIRECTION ( 'NONE',  ( -6.195440985631454331E-16, 1.000000000000000000, 0.000000000000000000 ) ) ;
#2327 = CARTESIAN_POINT ( 'NONE',  ( -2.999999999999999556, 0.000000000000000000, 1.750000000000000000 ) ) ;
#2328 = VERTEX_POINT ( 'NONE', #2218 ) ;
#2329 = VERTEX_POINT ( 'NONE', #1343 ) ;
#2330 = AXIS2_PLACEMENT_3D ( 'NONE', #2213, #3353, #544 ) ;
#2331 = VERTEX_POINT ( 'NONE', #2487 ) ;
#2332 = ADVANCED_FACE ( 'NONE', ( #2780 ), #2997, .F. ) ;
#2333 = EDGE_CURVE ( 'NONE', #272, #872, #3358, .T. ) ;
#2334 = VECTOR ( 'NONE', #1966, 1000.000000000000227 ) ;
#2335 = CARTESIAN_POINT ( 'NONE',  ( -1.500000000000000444, 4.336808689942017736E-16, -1.084202172485504434E-16 ) ) ;
#2336 = ORIENTED_EDGE ( 'NONE', *, *, #1005, .F. ) ;
#2337 = CARTESIAN_POINT ( 'NONE',  ( -0.5999999999999998668, 0.000000000000000000, -1.750000000000000000 ) ) ;
#2338 = AXIS2_PLACEMENT_3D ( 'NONE', #1270, #2368, #3523 ) ;
#2339 = CARTESIAN_POINT ( 'NONE',  ( 1.500000000000000000, 3.600000000000000089, -0.4500000000000000111 ) ) ;
#2340 = DIRECTION ( 'NONE',  ( 0.000000000000000000, 1.000000000000000000, 0.000000000000000000 ) ) ;
#2341 = AXIS2_PLACEMENT_3D ( 'NONE', #974, #2612, #446 ) ;
#2342 = CIRCLE ( 'NONE', #2113, 0.2500000000000000000 ) ;
#2343 = DIRECTION ( 'NONE',  ( -1.000000000000000000, -2.168404344971006896E-16, 0.000000000000000000 ) ) ;
#2344 = DIRECTION ( 'NONE',  ( 0.000000000000000000, -1.000000000000000000, 0.000000000000000000 ) ) ;
#2345 = PRESENTATION_LAYER_ASSIGNMENT (  '', '', ( #1362 ) ) ;
#2346 = DIRECTION ( 'NONE',  ( -1.000000000000000000, -0.000000000000000000, -0.000000000000000000 ) ) ;
#2347 = DIRECTION ( 'NONE',  ( 1.000000000000000000, -0.000000000000000000, -0.000000000000000000 ) ) ;
#2348 = VERTEX_POINT ( 'NONE', #769 ) ;
#2349 = AXIS2_PLACEMENT_3D ( 'NONE', #2434, #699, #1790 ) ;
#2350 = ORIENTED_EDGE ( 'NONE', *, *, #2529, .F. ) ;
#2351 = VECTOR ( 'NONE', #1075, 1000.000000000000000 ) ;
#2352 = ADVANCED_FACE ( 'NONE', ( #2189 ), #1867, .F. ) ;
#2353 = PRESENTATION_STYLE_ASSIGNMENT (( #960 ) ) ;
#2354 = MECHANICAL_DESIGN_GEOMETRIC_PRESENTATION_REPRESENTATION (  '', ( #562 ), #2947 ) ;
#2355 = EDGE_CURVE ( 'NONE', #1765, #3470, #3566, .T. ) ;
#2356 = DIRECTION ( 'NONE',  ( 0.000000000000000000, 0.000000000000000000, 1.000000000000000000 ) ) ;
#2357 = PRODUCT_DEFINITION_CONTEXT ( 'detailed design', #106, 'design' ) ;
#2358 = ORIENTED_EDGE ( 'NONE', *, *, #1142, .F. ) ;
#2359 = EDGE_CURVE ( 'NONE', #1947, #621, #531, .T. ) ;
#2360 = LINE ( 'NONE', #986, #2067 ) ;
#2361 = ORIENTED_EDGE ( 'NONE', *, *, #2, .T. ) ;
#2362 = LINE ( 'NONE', #3204, #1813 ) ;
#2363 = DIRECTION ( 'NONE',  ( 0.000000000000000000, 0.000000000000000000, -1.000000000000000000 ) ) ;
#2364 = ORIENTED_EDGE ( 'NONE', *, *, #647, .F. ) ;
#2365 = VERTEX_POINT ( 'NONE', #807 ) ;
#2366 = MANIFOLD_SOLID_BREP ( 'Boss-Extrude4', #2793 ) ;
#2367 = DIRECTION ( 'NONE',  ( 0.000000000000000000, 0.000000000000000000, 1.000000000000000000 ) ) ;
#2368 = DIRECTION ( 'NONE',  ( 0.000000000000000000, 3.614007241618347785E-16, -1.000000000000000000 ) ) ;
#2369 = ORIENTED_EDGE ( 'NONE', *, *, #3177, .F. ) ;
#2370 = EDGE_CURVE ( 'NONE', #1735, #2193, #788, .T. ) ;
#2371 = DIRECTION ( 'NONE',  ( 0.000000000000000000, -0.9556106543573590351, 0.2946324443755304889 ) ) ;
#2372 = LINE ( 'NONE', #3548, #1368 ) ;
#2373 = PLANE ( 'NONE',  #496 ) ;
#2374 = EDGE_CURVE ( 'NONE', #2727, #3124, #1439, .T. ) ;
#2375 = DIRECTION ( 'NONE',  ( -0.000000000000000000, 1.000000000000000000, -0.000000000000000000 ) ) ;
#2376 = ORIENTED_EDGE ( 'NONE', *, *, #674, .F. ) ;
#2377 = MANIFOLD_SOLID_BREP ( 'NONE', #2325 ) ;
#2378 = DIRECTION ( 'NONE',  ( 0.000000000000000000, 0.000000000000000000, -1.000000000000000000 ) ) ;
#2379 = EDGE_CURVE ( 'NONE', #465, #360, #896, .T. ) ;
#2380 = CARTESIAN_POINT ( 'NONE',  ( 8.500000000000000000, 4.500000000000000000, 1.350000000000000089 ) ) ;
#2381 = FACE_OUTER_BOUND ( 'NONE', #111, .T. ) ;
#2382 = VERTEX_POINT ( 'NONE', #56 ) ;
#2383 = ORIENTED_EDGE ( 'NONE', *, *, #3269, .F. ) ;
#2384 = CARTESIAN_POINT ( 'NONE',  ( -3.000000000000000888, 4.336808689942017736E-16, -1.084202172485504434E-16 ) ) ;
#2385 = VECTOR ( 'NONE', #1968, 1000.000000000000000 ) ;
#2386 = PLANE ( 'NONE',  #1185 ) ;
#2387 = SHAPE_REPRESENTATION ( 'B7B-ZR (LF)(SN)', ( #3073, #688, #2414, #2072, #2894, #2583, #622, #2953, #800 ), #972 ) ;
#2388 = DIRECTION ( 'NONE',  ( 0.000000000000000000, 1.000000000000000000, 0.000000000000000000 ) ) ;
#2389 = VECTOR ( 'NONE', #951, 1000.000000000000114 ) ;
#2390 = CARTESIAN_POINT ( 'NONE',  ( 4.500000000000000888, 0.1500000000000001055, -0.4500000000000001221 ) ) ;
#2391 = AXIS2_PLACEMENT_3D ( 'NONE', #511, #2739, #1030 ) ;
#2392 = PRODUCT_RELATED_PRODUCT_CATEGORY ( 'part', '', ( #3315 ) ) ;
#2393 = EDGE_CURVE ( 'NONE', #2730, #3181, #386, .T. ) ;
#2394 = ORIENTED_EDGE ( 'NONE', *, *, #632, .F. ) ;
#2395 = DIRECTION ( 'NONE',  ( -0.000000000000000000, 1.000000000000000000, -0.000000000000000000 ) ) ;
#2396 = VECTOR ( 'NONE', #2346, 1000.000000000000000 ) ;
#2397 = VECTOR ( 'NONE', #2631, 1000.000000000000000 ) ;
#2398 = LINE ( 'NONE', #2419, #1695 ) ;
#2399 = ADVANCED_FACE ( 'NONE', ( #3157 ), #1682, .F. ) ;
#2400 = FACE_OUTER_BOUND ( 'NONE', #1170, .T. ) ;
#2401 = ORIENTED_EDGE ( 'NONE', *, *, #3062, .F. ) ;
#2402 = ORIENTED_EDGE ( 'NONE', *, *, #407, .F. ) ;
#2403 = VECTOR ( 'NONE', #1700, 1000.000000000000000 ) ;
#2404 = DIRECTION ( 'NONE',  ( 0.000000000000000000, 0.000000000000000000, 1.000000000000000000 ) ) ;
#2405 = DIRECTION ( 'NONE',  ( -1.000000000000000000, 0.000000000000000000, 0.000000000000000000 ) ) ;
#2406 = EDGE_LOOP ( 'NONE', ( #1078, #114, #2194, #2942 ) ) ;
#2407 = AXIS2_PLACEMENT_3D ( 'NONE', #2914, #2955, #437 ) ;
#2408 = CARTESIAN_POINT ( 'NONE',  ( 4.336808689942017736E-16, 0.1500000000000001055, -0.2000000000000001499 ) ) ;
#2409 = ADVANCED_BREP_SHAPE_REPRESENTATION ( '', ( #2377, #913 ), #617 ) ;
#2410 = CIRCLE ( 'NONE', #1088, 0.2000000000000000389 ) ;
#2411 = CARTESIAN_POINT ( 'NONE',  ( -0.5999999999999998668, 0.000000000000000000, -1.750000000000000000 ) ) ;
#2412 = EDGE_LOOP ( 'NONE', ( #2217, #1514, #2472, #3447 ) ) ;
#2413 = DIRECTION ( 'NONE',  ( -1.000000000000000000, 0.000000000000000000, 0.000000000000000000 ) ) ;
#2414 = AXIS2_PLACEMENT_3D ( 'NONE', #1529, #180, #3502 ) ;
#2415 = DIRECTION ( 'NONE',  ( 0.000000000000000000, 1.000000000000000000, 0.000000000000000000 ) ) ;
#2416 = CARTESIAN_POINT ( 'NONE',  ( 6.899999999999999467, 0.000000000000000000, -1.750000000000000000 ) ) ;
#2417 = ORIENTED_EDGE ( 'NONE', *, *, #2313, .T. ) ;
#2418 = ADVANCED_FACE ( 'NONE', ( #2015 ), #1212, .F. ) ;
#2419 = CARTESIAN_POINT ( 'NONE',  ( 9.000000000000001776, 4.500000000000000000, 1.750000000000000000 ) ) ;
#2420 = CARTESIAN_POINT ( 'NONE',  ( -2.499999999999999112, 2.700000000000000178, -1.750000000000000000 ) ) ;
#2421 = CARTESIAN_POINT ( 'NONE',  ( -2.999999999999999556, 4.500000000000000000, 1.750000000000000000 ) ) ;
#2422 = ORIENTED_EDGE ( 'NONE', *, *, #1569, .F. ) ;
#2423 = DIRECTION ( 'NONE',  ( 0.000000000000000000, 0.000000000000000000, -1.000000000000000000 ) ) ;
#2424 = EDGE_CURVE ( 'NONE', #2328, #2365, #657, .T. ) ;
#2425 = ITEM_DEFINED_TRANSFORMATION ( 'NONE', 'NONE', #2072,  #913 ) ;
#2426 = VERTEX_POINT ( 'NONE', #2241 ) ;
#2427 = LINE ( 'NONE', #3558, #3231 ) ;
#2428 = VERTEX_POINT ( 'NONE', #74 ) ;
#2429 = EDGE_CURVE ( 'NONE', #266, #621, #2881, .T. ) ;
#2430 = CARTESIAN_POINT ( 'NONE',  ( 9.000000000000001776, 0.000000000000000000, -1.750000000000000000 ) ) ;
#2431 = DIRECTION ( 'NONE',  ( -1.000000000000000000, -2.168404344971006896E-16, 0.000000000000000000 ) ) ;
#2432 = DIRECTION ( 'NONE',  ( 0.000000000000000000, 0.2946324443755284905, -0.9556106543573597012 ) ) ;
#2433 = CARTESIAN_POINT ( 'NONE',  ( -2.999999999999999556, 1.100000000000000089, -1.550000000000000044 ) ) ;
#2434 = CARTESIAN_POINT ( 'NONE',  ( 1.500000000000000000, 3.600000000000000089, -0.4500000000000000111 ) ) ;
#2435 = DIRECTION ( 'NONE',  ( -1.000000000000000000, -0.000000000000000000, -0.000000000000000000 ) ) ;
#2436 = CARTESIAN_POINT ( 'NONE',  ( 4.500000000000000888, 0.1500000000000001055, -0.7000000000000000666 ) ) ;
#2437 = DIRECTION ( 'NONE',  ( 0.000000000000000000, 0.000000000000000000, -1.000000000000000000 ) ) ;
#2438 = ORIENTED_EDGE ( 'NONE', *, *, #1168, .F. ) ;
#2439 = SHAPE_DEFINITION_REPRESENTATION ( #1592, #2543 ) ;
#2440 = ADVANCED_FACE ( 'NONE', ( #1468 ), #1189, .F. ) ;
#2441 = CARTESIAN_POINT ( 'NONE',  ( 6.599999999999999645, 2.204364238465235083E-16, 1.750000000000000000 ) ) ;
#2442 = CARTESIAN_POINT ( 'NONE',  ( -1.799999999999998934, 2.700000000000000178, 1.350000000000000311 ) ) ;
#2443 = CARTESIAN_POINT ( 'NONE',  ( 8.500000000000000000, 4.299999999999999822, -0.7999999999999994893 ) ) ;
#2444 = CARTESIAN_POINT ( 'NONE',  ( 1.500000000000000000, -2.700000000000000178, -0.4000000000000000222 ) ) ;
#2445 = VECTOR ( 'NONE', #631, 1000.000000000000000 ) ;
#2446 = VECTOR ( 'NONE', #3131, 1000.000000000000000 ) ;
#2447 = DIRECTION ( 'NONE',  ( 0.000000000000000000, 0.000000000000000000, 1.000000000000000000 ) ) ;
#2448 = FACE_OUTER_BOUND ( 'NONE', #935, .T. ) ;
#2449 = ORIENTED_EDGE ( 'NONE', *, *, #2154, .F. ) ;
#2450 = SURFACE_SIDE_STYLE ('',( #2728 ) ) ;
#2451 = ORIENTED_EDGE ( 'NONE', *, *, #740, .F. ) ;
#2452 = CIRCLE ( 'NONE', #2226, 0.2500000000000000000 ) ;
#2453 = CARTESIAN_POINT ( 'NONE',  ( 1.500000000000000000, -2.500000000000000000, -0.5000000000000000000 ) ) ;
#2454 = VECTOR ( 'NONE', #343, 1000.000000000000000 ) ;
#2455 = DIRECTION ( 'NONE',  ( -1.000000000000000000, 0.000000000000000000, 0.000000000000000000 ) ) ;
#2456 = ORIENTED_EDGE ( 'NONE', *, *, #33, .F. ) ;
#2457 = CARTESIAN_POINT ( 'NONE',  ( 1.500000000000000888, 0.000000000000000000, -1.750000000000000000 ) ) ;
#2458 = AXIS2_PLACEMENT_3D ( 'NONE', #2938, #1002, #734 ) ;
#2459 = LINE ( 'NONE', #874, #1239 ) ;
#2460 = ORIENTED_EDGE ( 'NONE', *, *, #1447, .T. ) ;
#2461 = VECTOR ( 'NONE', #2820, 1000.000000000000000 ) ;
#2462 = CARTESIAN_POINT ( 'NONE',  ( -2.500000000000000444, 3.100000000000000089, -0.4000000000000001332 ) ) ;
#2463 = EDGE_CURVE ( 'NONE', #3568, #2632, #3099, .T. ) ;
#2464 = CIRCLE ( 'NONE', #2349, 0.2500000000000000000 ) ;
#2465 = CARTESIAN_POINT ( 'NONE',  ( 4.336808689942017736E-16, 0.000000000000000000, -0.4500000000000001221 ) ) ;
#2466 = DIRECTION ( 'NONE',  ( 0.000000000000000000, 0.000000000000000000, -1.000000000000000000 ) ) ;
#2467 = UNCERTAINTY_MEASURE_WITH_UNIT (LENGTH_MEASURE( 1.000000000000000082E-05 ), #163, 'distance_accuracy_value', 'NONE');
#2468 = CIRCLE ( 'NONE', #2943, 0.2499999999999999445 ) ;
#2469 = ADVANCED_FACE ( 'NONE', ( #1996 ), #3122, .F. ) ;
#2470 = CIRCLE ( 'NONE', #1536, 0.7500000000000000000 ) ;
#2471 = CARTESIAN_POINT ( 'NONE',  ( 6.899999999999999467, 0.000000000000000000, -1.750000000000000000 ) ) ;
#2472 = ORIENTED_EDGE ( 'NONE', *, *, #1684, .F. ) ;
#2473 = ORIENTED_EDGE ( 'NONE', *, *, #2803, .F. ) ;
#2474 = DIRECTION ( 'NONE',  ( 0.000000000000000000, -1.000000000000000000, -1.232047923278981706E-16 ) ) ;
#2475 = EDGE_CURVE ( 'NONE', #2045, #2755, #3238, .T. ) ;
#2476 = LINE ( 'NONE', #290, #600 ) ;
#2477 = LINE ( 'NONE', #2492, #3306 ) ;
#2478 = ORIENTED_EDGE ( 'NONE', *, *, #1710, .F. ) ;
#2479 = CARTESIAN_POINT ( 'NONE',  ( 8.250000000000000000, 1.699999999999999956, -1.750000000000000000 ) ) ;
#2480 = DIRECTION ( 'NONE',  ( -1.000000000000000000, -2.168404344971008868E-16, 0.000000000000000000 ) ) ;
#2481 = DIRECTION ( 'NONE',  ( -1.000000000000000000, 0.000000000000000000, 0.000000000000000000 ) ) ;
#2482 = DIRECTION ( 'NONE',  ( 1.807003620809174878E-16, -1.000000000000000000, -0.000000000000000000 ) ) ;
#2483 = CARTESIAN_POINT ( 'NONE',  ( 3.000000000000000444, 1.399999999999999911, -0.7000000000000000666 ) ) ;
#2484 = ORIENTED_EDGE ( 'NONE', *, *, #411, .F. ) ;
#2485 = EDGE_CURVE ( 'NONE', #3607, #1147, #967, .T. ) ;
#2486 = CARTESIAN_POINT ( 'NONE',  ( 1.500000000000000000, -2.700000000000000178, -0.4500000000000000111 ) ) ;
#2487 = CARTESIAN_POINT ( 'NONE',  ( 8.500000000000000000, 4.500000000000000000, 0.1999999999999984568 ) ) ;
#2488 = VERTEX_POINT ( 'NONE', #187 ) ;
#2489 = EDGE_CURVE ( 'NONE', #2122, #2688, #3213, .T. ) ;
#2490 = ORIENTED_EDGE ( 'NONE', *, *, #1499, .F. ) ;
#2491 = EDGE_CURVE ( 'NONE', #2755, #2045, #2237, .T. ) ;
#2492 = CARTESIAN_POINT ( 'NONE',  ( -2.500000000000000444, 2.700000000000000178, -1.350000000000000089 ) ) ;
#2493 = ORIENTED_EDGE ( 'NONE', *, *, #2903, .T. ) ;
#2494 = ORIENTED_EDGE ( 'NONE', *, *, #51, .T. ) ;
#2495 = CARTESIAN_POINT ( 'NONE',  ( -0.5999999999999998668, 0.1499999999999999944, -1.750000000000000000 ) ) ;
#2496 = DIRECTION ( 'NONE',  ( -0.000000000000000000, 1.000000000000000000, -0.000000000000000000 ) ) ;
#2497 = ITEM_DEFINED_TRANSFORMATION ( 'NONE', 'NONE', #2894,  #913 ) ;
#2498 = CARTESIAN_POINT ( 'NONE',  ( 6.599999999999999645, 0.1500000000000002165, -1.750000000000000000 ) ) ;
#2499 = FACE_OUTER_BOUND ( 'NONE', #2694, .T. ) ;
#2500 = ORIENTED_EDGE ( 'NONE', *, *, #2475, .T. ) ;
#2501 = CARTESIAN_POINT ( 'NONE',  ( 4.500000000000000888, 1.399999999999999911, -0.4500000000000001221 ) ) ;
#2502 = ORIENTED_EDGE ( 'NONE', *, *, #3171, .T. ) ;
#2503 = EDGE_LOOP ( 'NONE', ( #2637, #658, #1277, #683 ) ) ;
#2504 = VECTOR ( 'NONE', #3416, 1000.000000000000000 ) ;
#2505 = EDGE_CURVE ( 'NONE', #2209, #1223, #149, .T. ) ;
#2506 = EDGE_LOOP ( 'NONE', ( #1729, #1658, #1098, #2063 ) ) ;
#2507 = VECTOR ( 'NONE', #225, 1000.000000000000000 ) ;
#2508 = DIRECTION ( 'NONE',  ( 0.000000000000000000, -0.000000000000000000, -1.000000000000000000 ) ) ;
#2509 = EDGE_CURVE ( 'NONE', #834, #3514, #3457, .T. ) ;
#2510 = VECTOR ( 'NONE', #197, 1000.000000000000000 ) ;
#2511 = ORIENTED_EDGE ( 'NONE', *, *, #3038, .F. ) ;
#2512 = VECTOR ( 'NONE', #1616, 1000.000000000000000 ) ;
#2513 = LINE ( 'NONE', #368, #1919 ) ;
#2514 = DIRECTION ( 'NONE',  ( 1.000000000000000000, -0.000000000000000000, 0.000000000000000000 ) ) ;
#2515 = DIRECTION ( 'NONE',  ( -0.000000000000000000, 1.000000000000000000, -0.000000000000000000 ) ) ;
#2516 = VECTOR ( 'NONE', #2293, 1000.000000000000000 ) ;
#2517 = DIRECTION ( 'NONE',  ( 1.000000000000000000, -0.000000000000000000, -0.000000000000000000 ) ) ;
#2518 = EDGE_LOOP ( 'NONE', ( #2520, #3208, #4, #2951 ) ) ;
#2519 = VERTEX_POINT ( 'NONE', #1567 ) ;
#2520 = ORIENTED_EDGE ( 'NONE', *, *, #1487, .T. ) ;
#2521 = AXIS2_PLACEMENT_3D ( 'NONE', #1342, #1415, #3583 ) ;
#2522 = DIRECTION ( 'NONE',  ( 0.000000000000000000, 0.000000000000000000, 1.000000000000000000 ) ) ;
#2523 = ORIENTED_EDGE ( 'NONE', *, *, #3537, .F. ) ;
#2524 = VECTOR ( 'NONE', #1339, 1000.000000000000000 ) ;
#2525 = EDGE_CURVE ( 'NONE', #429, #901, #88, .T. ) ;
#2526 = CARTESIAN_POINT ( 'NONE',  ( 3.600000000000000089, 0.000000000000000000, -1.750000000000000000 ) ) ;
#2527 = LINE ( 'NONE', #2024, #841 ) ;
#2528 = ORIENTED_EDGE ( 'NONE', *, *, #578, .T. ) ;
#2529 = EDGE_CURVE ( 'NONE', #2328, #1146, #2630, .T. ) ;
#2530 = CARTESIAN_POINT ( 'NONE',  ( 3.000000000000000444, 0.000000000000000000, 1.750000000000000000 ) ) ;
#2531 = DIRECTION ( 'NONE',  ( 0.000000000000000000, 0.000000000000000000, -1.000000000000000000 ) ) ;
#2532 = EDGE_CURVE ( 'NONE', #2322, #1598, #1527, .T. ) ;
#2533 = ORIENTED_EDGE ( 'NONE', *, *, #1837, .F. ) ;
#2534 = CARTESIAN_POINT ( 'NONE',  ( -1.799999999999999156, 1.699999999999999734, -1.750000000000000000 ) ) ;
#2535 = CARTESIAN_POINT ( 'NONE',  ( -2.999999999999999556, 4.500000000000000000, -1.750000000000000000 ) ) ;
#2536 = DIRECTION ( 'NONE',  ( 1.000000000000000000, 1.807003620809174878E-16, 0.000000000000000000 ) ) ;
#2537 = EDGE_LOOP ( 'NONE', ( #2810, #1374, #1483, #1504 ) ) ;
#2538 = VERTEX_POINT ( 'NONE', #3477 ) ;
#2539 = CARTESIAN_POINT ( 'NONE',  ( 3.000000000000000444, 1.399999999999999911, -0.4500000000000001221 ) ) ;
#2540 = CARTESIAN_POINT ( 'NONE',  ( 9.000000000000001776, 4.500000000000000000, -1.750000000000000000 ) ) ;
#2541 = CARTESIAN_POINT ( 'NONE',  ( -0.5999999999999998668, 0.1499999999999999944, -1.750000000000000000 ) ) ;
#2542 = ORIENTED_EDGE ( 'NONE', *, *, #1214, .F. ) ;
#2543 = SHAPE_REPRESENTATION ( 'pin_Bent', ( #913 ), #617 ) ;
#2544 = CARTESIAN_POINT ( 'NONE',  ( 8.099999999999999645, 2.204364238465235083E-16, -1.750000000000000000 ) ) ;
#2545 = ADVANCED_FACE ( 'NONE', ( #1776 ), #2933, .F. ) ;
#2546 = ADVANCED_FACE ( 'NONE', ( #1259 ), #2373, .F. ) ;
#2547 = SURFACE_SIDE_STYLE ('',( #1969 ) ) ;
#2548 = CARTESIAN_POINT ( 'NONE',  ( 1.500000000000000000, 3.600000000000000089, -0.4000000000000000222 ) ) ;
#2549 = ADVANCED_FACE ( 'NONE', ( #1238 ), #2956, .F. ) ;
#2550 = CARTESIAN_POINT ( 'NONE',  ( 1.500000000000000000, -2.500000000000000000, -0.6999999999999999556 ) ) ;
#2551 = CARTESIAN_POINT ( 'NONE',  ( 0.000000000000000000, 0.000000000000000000, 0.000000000000000000 ) ) ;
#2552 = ORIENTED_EDGE ( 'NONE', *, *, #1211, .F. ) ;
#2553 = CARTESIAN_POINT ( 'NONE',  ( 3.000000000000000444, 0.1500000000000001055, -0.7000000000000000666 ) ) ;
#2554 = ORIENTED_EDGE ( 'NONE', *, *, #406, .T. ) ;
#2555 = AXIS2_PLACEMENT_3D ( 'NONE', #2027, #1746, #1411 ) ;
#2556 = CARTESIAN_POINT ( 'NONE',  ( 3.000000000000000000, 0.000000000000000000, 0.000000000000000000 ) ) ;
#2557 = AXIS2_PLACEMENT_3D ( 'NONE', #936, #920, #2146 ) ;
#2558 = ORIENTED_EDGE ( 'NONE', *, *, #790, .F. ) ;
#2559 = ORIENTED_EDGE ( 'NONE', *, *, #1754, .F. ) ;
#2560 = CIRCLE ( 'NONE', #717, 0.3999999999999998557 ) ;
#2561 = DIRECTION ( 'NONE',  ( -0.000000000000000000, 1.000000000000000000, -0.000000000000000000 ) ) ;
#2562 = AXIS2_PLACEMENT_3D ( 'NONE', #1026, #2976, #1297 ) ;
#2563 = DIRECTION ( 'NONE',  ( 1.000000000000000000, 1.508823545639749896E-32, 0.000000000000000000 ) ) ;
#2564 = EDGE_CURVE ( 'NONE', #886, #2108, #3311, .T. ) ;
#2565 = CARTESIAN_POINT ( 'NONE',  ( 5.400000000000000355, 0.000000000000000000, -1.750000000000000000 ) ) ;
#2566 = AXIS2_PLACEMENT_3D ( 'NONE', #534, #2886, #2522 ) ;
#2567 = ORIENTED_EDGE ( 'NONE', *, *, #285, .T. ) ;
#2568 = CARTESIAN_POINT ( 'NONE',  ( -2.500000000000000444, 1.099999999999999867, 0.2999999999999990452 ) ) ;
#2569 = VERTEX_POINT ( 'NONE', #3235 ) ;
#2570 = CARTESIAN_POINT ( 'NONE',  ( 3.600000000000000089, 2.204364238465235083E-16, -1.750000000000000000 ) ) ;
#2571 = MECHANICAL_DESIGN_GEOMETRIC_PRESENTATION_REPRESENTATION (  '', ( #1362 ), #1307 ) ;
#2572 = EDGE_CURVE ( 'NONE', #1046, #1549, #1513, .T. ) ;
#2573 = AXIS2_PLACEMENT_3D ( 'NONE', #3580, #2181, #260 ) ;
#2574 = CARTESIAN_POINT ( 'NONE',  ( 1.500000000000000000, 3.799999999999999822, -0.4000000000000000222 ) ) ;
#2575 = CYLINDRICAL_SURFACE ( 'NONE', #259, 0.2499999999999999445 ) ;
#2576 = AXIS2_PLACEMENT_3D ( 'NONE', #711, #1328, #3565 ) ;
#2577 = LINE ( 'NONE', #1489, #3292 ) ;
#2578 = LINE ( 'NONE', #1691, #2869 ) ;
#2579 = AXIS2_PLACEMENT_3D ( 'NONE', #2103, #3234, #729 ) ;
#2580 = DIRECTION ( 'NONE',  ( -1.000000000000000000, -0.000000000000000000, -0.000000000000000000 ) ) ;
#2581 = VERTEX_POINT ( 'NONE', #2969 ) ;
#2582 = ORIENTED_EDGE ( 'NONE', *, *, #537, .T. ) ;
#2583 = AXIS2_PLACEMENT_3D ( 'NONE', #2335, #2404, #2084 ) ;
#2584 = DIRECTION ( 'NONE',  ( 0.000000000000000000, 0.000000000000000000, 1.000000000000000000 ) ) ;
#2585 = SURFACE_SIDE_STYLE ('',( #2854 ) ) ;
#2586 = FACE_OUTER_BOUND ( 'NONE', #1301, .T. ) ;
#2587 = ORIENTED_EDGE ( 'NONE', *, *, #858, .T. ) ;
#2588 = DIRECTION ( 'NONE',  ( -0.000000000000000000, 1.000000000000000000, -0.000000000000000000 ) ) ;
#2589 = DIRECTION ( 'NONE',  ( 1.000000000000000000, 0.000000000000000000, 0.000000000000000000 ) ) ;
#2590 = CARTESIAN_POINT ( 'NONE',  ( 1.500000000000000000, -1.572316222187764900, -0.5278053271786800060 ) ) ;
#2591 = EDGE_CURVE ( 'NONE', #2122, #362, #3118, .T. ) ;
#2592 = EDGE_CURVE ( 'NONE', #495, #1850, #983, .T. ) ;
#2593 = CYLINDRICAL_SURFACE ( 'NONE', #601, 0.2500000000000000000 ) ;
#2594 = FACE_OUTER_BOUND ( 'NONE', #3436, .T. ) ;
#2595 = DIRECTION ( 'NONE',  ( -1.000000000000000000, 0.000000000000000000, 0.000000000000000000 ) ) ;
#2596 = ORIENTED_EDGE ( 'NONE', *, *, #1099, .F. ) ;
#2597 = ORIENTED_EDGE ( 'NONE', *, *, #1488, .F. ) ;
#2598 = ORIENTED_EDGE ( 'NONE', *, *, #1167, .F. ) ;
#2599 = FILL_AREA_STYLE ('',( #141 ) ) ;
#2600 = ORIENTED_EDGE ( 'NONE', *, *, #2907, .F. ) ;
#2601 = CARTESIAN_POINT ( 'NONE',  ( 4.500000000000000888, 1.399999999999999911, -0.7000000000000000666 ) ) ;
#2602 = DIRECTION ( 'NONE',  ( -0.000000000000000000, -0.000000000000000000, 1.000000000000000000 ) ) ;
#2603 = LINE ( 'NONE', #2818, #1655 ) ;
#2604 = ORIENTED_EDGE ( 'NONE', *, *, #1398, .F. ) ;
#2605 = DIRECTION ( 'NONE',  ( -0.000000000000000000, 0.000000000000000000, 1.000000000000000000 ) ) ;
#2606 = ORIENTED_EDGE ( 'NONE', *, *, #3132, .F. ) ;
#2607 = DIRECTION ( 'NONE',  ( 0.000000000000000000, -0.7071067811865454633, 0.7071067811865496822 ) ) ;
#2608 = ORIENTED_EDGE ( 'NONE', *, *, #285, .F. ) ;
#2609 = EDGE_CURVE ( 'NONE', #3181, #2730, #791, .T. ) ;
#2610 = DIRECTION ( 'NONE',  ( 0.000000000000000000, 1.000000000000000000, 0.000000000000000000 ) ) ;
#2611 = EDGE_CURVE ( 'NONE', #3181, #2488, #3256, .T. ) ;
#2612 = DIRECTION ( 'NONE',  ( -0.000000000000000000, 1.000000000000000000, -0.000000000000000000 ) ) ;
#2613 = CARTESIAN_POINT ( 'NONE',  ( 8.500000000000000000, 4.500000000000000000, 1.350000000000000089 ) ) ;
#2614 = ORIENTED_EDGE ( 'NONE', *, *, #1432, .F. ) ;
#2615 = AXIS2_PLACEMENT_3D ( 'NONE', #3310, #796, #1895 ) ;
#2616 = EDGE_LOOP ( 'NONE', ( #3167, #3141 ) ) ;
#2617 = EDGE_CURVE ( 'NONE', #2382, #3030, #3013, .T. ) ;
#2618 = VECTOR ( 'NONE', #2602, 1000.000000000000000 ) ;
#2619 = ORIENTED_EDGE ( 'NONE', *, *, #2666, .F. ) ;
#2620 = CARTESIAN_POINT ( 'NONE',  ( 1.500000000000000000, -1.425000000000000044, -0.8000000000000000444 ) ) ;
#2621 = ORIENTED_EDGE ( 'NONE', *, *, #2251, .F. ) ;
#2622 = AXIS2_PLACEMENT_3D ( 'NONE', #2195, #2496, #3039 ) ;
#2623 = DIRECTION ( 'NONE',  ( 1.000000000000000000, 0.000000000000000000, 0.000000000000000000 ) ) ;
#2624 = VECTOR ( 'NONE', #1764, 1000.000000000000000 ) ;
#2625 = CARTESIAN_POINT ( 'NONE',  ( 1.500000000000000000, -1.375000000000000000, -0.5500000000000080380 ) ) ;
#2626 = DIRECTION ( 'NONE',  ( -1.000000000000000000, -2.168404344971006896E-16, 0.000000000000000000 ) ) ;
#2627 = EDGE_LOOP ( 'NONE', ( #480, #2772, #2880, #32 ) ) ;
#2628 = CIRCLE ( 'NONE', #1245, 0.2500000000000000000 ) ;
#2629 = LINE ( 'NONE', #1847, #1528 ) ;
#2630 = CIRCLE ( 'NONE', #670, 0.2500000000000000000 ) ;
#2631 = DIRECTION ( 'NONE',  ( 0.000000000000000000, -1.000000000000000000, 0.000000000000000000 ) ) ;
#2632 = VERTEX_POINT ( 'NONE', #565 ) ;
#2633 = AXIS2_PLACEMENT_3D ( 'NONE', #1829, #1292, #1018 ) ;
#2634 = PLANE ( 'NONE',  #2562 ) ;
#2635 = DIRECTION ( 'NONE',  ( 0.000000000000000000, 0.000000000000000000, 1.000000000000000000 ) ) ;
#2636 = ADVANCED_FACE ( 'NONE', ( #3549 ), #3276, .F. ) ;
#2637 = ORIENTED_EDGE ( 'NONE', *, *, #1749, .T. ) ;
#2638 = ORIENTED_EDGE ( 'NONE', *, *, #69, .T. ) ;
#2639 = AXIS2_PLACEMENT_3D ( 'NONE', #2295, #3139, #3444 ) ;
#2640 = ORIENTED_EDGE ( 'NONE', *, *, #369, .F. ) ;
#2641 = EDGE_CURVE ( 'NONE', #2348, #1643, #3563, .T. ) ;
#2642 = EDGE_CURVE ( 'NONE', #777, #1355, #764, .T. ) ;
#2643 = CARTESIAN_POINT ( 'NONE',  ( -2.999999999999998668, 0.1499999999999999667, 1.750000000000000000 ) ) ;
#2644 = ORIENTED_EDGE ( 'NONE', *, *, #1095, .T. ) ;
#2645 = COLOUR_RGB ( '',0.7960784313725489669, 0.8235294117647058432, 0.9372549019607843146 ) ;
#2646 = CARTESIAN_POINT ( 'NONE',  ( 8.099999999999999645, 0.1500000000000002165, -1.750000000000000000 ) ) ;
#2647 = LINE ( 'NONE', #456, #445 ) ;
#2648 = EDGE_CURVE ( 'NONE', #1100, #2759, #529, .T. ) ;
#2649 = DIRECTION ( 'NONE',  ( 0.000000000000000000, -1.000000000000000000, 0.000000000000000000 ) ) ;
#2650 = VERTEX_POINT ( 'NONE', #3602 ) ;
#2651 = VERTEX_POINT ( 'NONE', #803 ) ;
#2652 = FACE_OUTER_BOUND ( 'NONE', #76, .T. ) ;
#2653 = ORIENTED_EDGE ( 'NONE', *, *, #1624, .T. ) ;
#2654 = DIRECTION ( 'NONE',  ( 0.000000000000000000, 8.673617379884035472E-16, -1.000000000000000000 ) ) ;
#2655 = ORIENTED_EDGE ( 'NONE', *, *, #407, .T. ) ;
#2656 = FACE_OUTER_BOUND ( 'NONE', #1320, .T. ) ;
#2657 = LINE ( 'NONE', #159, #327 ) ;
#2658 = ORIENTED_EDGE ( 'NONE', *, *, #1001, .T. ) ;
#2659 = ORIENTED_EDGE ( 'NONE', *, *, #815, .T. ) ;
#2660 = ORIENTED_EDGE ( 'NONE', *, *, #675, .F. ) ;
#2661 = ORIENTED_EDGE ( 'NONE', *, *, #2076, .F. ) ;
#2662 = DIRECTION ( 'NONE',  ( -1.000000000000000000, -1.807003620809174632E-16, -0.000000000000000000 ) ) ;
#2663 = ORIENTED_EDGE ( 'NONE', *, *, #864, .T. ) ;
#2664 = LINE ( 'NONE', #3043, #3220 ) ;
#2665 = CARTESIAN_POINT ( 'NONE',  ( 8.250000000000000000, 2.700000000000000178, -1.350000000000000089 ) ) ;
#2666 = EDGE_CURVE ( 'NONE', #1460, #1807, #2885, .T. ) ;
#2667 = CARTESIAN_POINT ( 'NONE',  ( -2.100000000000000089, 0.1499999999999999944, 1.750000000000000000 ) ) ;
#2668 = CARTESIAN_POINT ( 'NONE',  ( 1.500000000000000000, 3.600000000000000089, -0.4500000000000000111 ) ) ;
#2669 = DIRECTION ( 'NONE',  ( 0.000000000000000000, -1.000000000000000000, 0.000000000000000000 ) ) ;
#2670 = CARTESIAN_POINT ( 'NONE',  ( -2.999999999999999556, 4.500000000000000000, 0.1999999999999984568 ) ) ;
#2671 = CARTESIAN_POINT ( 'NONE',  ( 4.336808689942017736E-16, 1.399999999999999911, -0.2000000000000001499 ) ) ;
#2672 = DIRECTION ( 'NONE',  ( 1.000000000000000000, 0.000000000000000000, -0.000000000000000000 ) ) ;
#2673 = VERTEX_POINT ( 'NONE', #2989 ) ;
#2674 = ORIENTED_EDGE ( 'NONE', *, *, #2185, .F. ) ;
#2675 = CARTESIAN_POINT ( 'NONE',  ( 1.500000000000000000, -1.375000000000000000, -0.05000000000000000278 ) ) ;
#2676 = ORIENTED_EDGE ( 'NONE', *, *, #858, .F. ) ;
#2677 = VECTOR ( 'NONE', #887, 1000.000000000000114 ) ;
#2678 = DIRECTION ( 'NONE',  ( 0.000000000000000000, -1.000000000000000000, 0.000000000000000000 ) ) ;
#2679 = DIRECTION ( 'NONE',  ( -1.000000000000000000, 0.000000000000000000, 0.000000000000000000 ) ) ;
#2680 = CIRCLE ( 'NONE', #543, 0.2500000000000002220 ) ;
#2681 = DIRECTION ( 'NONE',  ( -1.000000000000000000, -1.807003620809174878E-16, 0.000000000000000000 ) ) ;
#2682 = ADVANCED_FACE ( 'NONE', ( #1915, #224 ), #3337, .F. ) ;
#2683 = DIRECTION ( 'NONE',  ( 0.000000000000000000, -0.000000000000000000, -1.000000000000000000 ) ) ;
#2684 = VECTOR ( 'NONE', #3438, 1000.000000000000000 ) ;
#2685 = LINE ( 'NONE', #2972, #3098 ) ;
#2686 = CARTESIAN_POINT ( 'NONE',  ( 8.250000000000000000, 4.500000000000000000, -1.750000000000000000 ) ) ;
#2687 = FACE_OUTER_BOUND ( 'NONE', #2243, .T. ) ;
#2688 = VERTEX_POINT ( 'NONE', #2483 ) ;
#2689 = AXIS2_PLACEMENT_3D ( 'NONE', #2169, #3055, #3308 ) ;
#2690 = TOROIDAL_SURFACE ( 'NONE', #204, 0.5000000000000000000, 0.2500000000000000000 ) ;
#2691 = CARTESIAN_POINT ( 'NONE',  ( 1.500000000000000000, -1.375000000000000000, -0.5500000000000000444 ) ) ;
#2692 = DIRECTION ( 'NONE',  ( 0.000000000000000000, -1.000000000000000000, 0.000000000000000000 ) ) ;
#2693 = EDGE_CURVE ( 'NONE', #1756, #170, #909, .T. ) ;
#2694 = EDGE_LOOP ( 'NONE', ( #787, #23, #2858, #2523 ) ) ;
#2695 = AXIS2_PLACEMENT_3D ( 'NONE', #2390, #113, #2626 ) ;
#2696 = VECTOR ( 'NONE', #300, 1000.000000000000000 ) ;
#2697 = ORIENTED_EDGE ( 'NONE', *, *, #2159, .F. ) ;
#2698 = DIRECTION ( 'NONE',  ( 1.000000000000000000, 6.195440985631454331E-16, 0.000000000000000000 ) ) ;
#2699 = ORIENTED_EDGE ( 'NONE', *, *, #1099, .T. ) ;
#2700 = AXIS2_PLACEMENT_3D ( 'NONE', #2859, #942, #677 ) ;
#2701 = DIRECTION ( 'NONE',  ( 1.000000000000000000, 0.000000000000000000, 0.000000000000000000 ) ) ;
#2702 = DIRECTION ( 'NONE',  ( -0.000000000000000000, 1.000000000000000000, -0.000000000000000000 ) ) ;
#2703 =( REPRESENTATION_RELATIONSHIP ('NONE','NONE', #2387, #2143 ) REPRESENTATION_RELATIONSHIP_WITH_TRANSFORMATION ( #12 )SHAPE_REPRESENTATION_RELATIONSHIP( ) );
#2704 = VECTOR ( 'NONE', #2987, 1000.000000000000000 ) ;
#2705 = DIRECTION ( 'NONE',  ( -0.000000000000000000, -0.000000000000000000, 1.000000000000000000 ) ) ;
#2706 = PLANE ( 'NONE',  #78 ) ;
#2707 = PRODUCT_DEFINITION_FORMATION_WITH_SPECIFIED_SOURCE ( 'ANY', '', #3315, .NOT_KNOWN. ) ;
#2708 = CARTESIAN_POINT ( 'NONE',  ( 3.000000000000000444, 4.500000000000000000, -0.9999999999999978906 ) ) ;
#2709 = CARTESIAN_POINT ( 'NONE',  ( 3.000000000000000444, 0.000000000000000000, -0.4500000000000001221 ) ) ;
#2710 = EDGE_CURVE ( 'NONE', #1146, #2328, #854, .T. ) ;
#2711 = EDGE_CURVE ( 'NONE', #329, #2569, #842, .T. ) ;
#2712 = DIRECTION ( 'NONE',  ( 0.000000000000000000, 1.000000000000000000, 3.614007241618347785E-16 ) ) ;
#2713 = CARTESIAN_POINT ( 'NONE',  ( 1.500000000000000444, 1.399999999999999911, -0.4500000000000001221 ) ) ;
#2714 = CARTESIAN_POINT ( 'NONE',  ( 0.000000000000000000, 4.500000000000000000, 0.000000000000000000 ) ) ;
#2715 = FILL_AREA_STYLE_COLOUR ( '', #2051 ) ;
#2716 = EDGE_LOOP ( 'NONE', ( #227, #2644, #1855, #3035 ) ) ;
#2717 = CONTEXT_DEPENDENT_SHAPE_REPRESENTATION ( #2269, #2184 ) ;
#2718 = EDGE_LOOP ( 'NONE', ( #3006, #80, #2274, #1386 ) ) ;
#2719 = DIRECTION ( 'NONE',  ( 0.000000000000000000, 0.000000000000000000, 1.000000000000000000 ) ) ;
#2720 = ORIENTED_EDGE ( 'NONE', *, *, #2298, .F. ) ;
#2721 = CARTESIAN_POINT ( 'NONE',  ( 1.500000000000000000, -1.154025666718354159, -0.7667079907680199868 ) ) ;
#2722 = LINE ( 'NONE', #1394, #770 ) ;
#2723 = LINE ( 'NONE', #299, #2524 ) ;
#2724 = CARTESIAN_POINT ( 'NONE',  ( 1.500000000000000000, -1.645974333281644997, -0.7667079907680199868 ) ) ;
#2725 = DIRECTION ( 'NONE',  ( -1.000000000000000000, 0.000000000000000000, 0.000000000000000000 ) ) ;
#2726 = PLANE ( 'NONE',  #1145 ) ;
#2727 = VERTEX_POINT ( 'NONE', #514 ) ;
#2728 = SURFACE_STYLE_FILL_AREA ( #1385 ) ;
#2729 = ORIENTED_EDGE ( 'NONE', *, *, #3269, .T. ) ;
#2730 = VERTEX_POINT ( 'NONE', #2724 ) ;
#2731 = PRODUCT_DEFINITION_SHAPE ( 'NONE', 'NONE',  #3615 ) ;
#2732 = CARTESIAN_POINT ( 'NONE',  ( -2.999999999999999556, 0.000000000000000000, 1.750000000000000000 ) ) ;
#2733 = DIRECTION ( 'NONE',  ( 1.000000000000000000, -0.000000000000000000, -0.000000000000000000 ) ) ;
#2734 = ORIENTED_EDGE ( 'NONE', *, *, #332, .F. ) ;
#2735 = EDGE_CURVE ( 'NONE', #360, #3031, #1590, .T. ) ;
#2736 = DIRECTION ( 'NONE',  ( 0.000000000000000000, -1.000000000000000000, -1.807003620809173892E-16 ) ) ;
#2737 = DIRECTION ( 'NONE',  ( 1.000000000000000000, 0.000000000000000000, 0.000000000000000000 ) ) ;
#2738 = VERTEX_POINT ( 'NONE', #2742 ) ;
#2739 = DIRECTION ( 'NONE',  ( 1.807003620809174878E-16, -1.000000000000000000, -0.000000000000000000 ) ) ;
#2740 = PLANE ( 'NONE',  #1346 ) ;
#2741 = CARTESIAN_POINT ( 'NONE',  ( -2.500000000000000444, 1.399999999999999911, -1.350000000000000089 ) ) ;
#2742 = CARTESIAN_POINT ( 'NONE',  ( 1.500000000000000000, -1.375000000000000000, -0.2999999999999999889 ) ) ;
#2743 = ADVANCED_FACE ( 'NONE', ( #3067 ), #1308, .F. ) ;
#2744 = AXIS2_PLACEMENT_3D ( 'NONE', #773, #1321, #2423 ) ;
#2745 = CARTESIAN_POINT ( 'NONE',  ( 9.000000000000001776, 0.7499999999999997780, 1.750000000000000000 ) ) ;
#2746 = AXIS2_PLACEMENT_3D ( 'NONE', #873, #2006, #2788 ) ;
#2747 = DIRECTION ( 'NONE',  ( 0.000000000000000000, 0.000000000000000000, 1.000000000000000000 ) ) ;
#2748 = FACE_OUTER_BOUND ( 'NONE', #3250, .T. ) ;
#2749 =( NAMED_UNIT ( * ) PLANE_ANGLE_UNIT ( ) SI_UNIT ( $, .RADIAN. ) );
#2750 = ORIENTED_EDGE ( 'NONE', *, *, #655, .F. ) ;
#2751 = PLANE ( 'NONE',  #1927 ) ;
#2752 = DIRECTION ( 'NONE',  ( 0.000000000000000000, 1.000000000000000000, -0.000000000000000000 ) ) ;
#2753 = VECTOR ( 'NONE', #410, 1000.000000000000000 ) ;
#2754 = CARTESIAN_POINT ( 'NONE',  ( 8.500000000000000000, 4.500000000000000000, -1.350000000000000089 ) ) ;
#2755 = VERTEX_POINT ( 'NONE', #2444 ) ;
#2756 = AXIS2_PLACEMENT_3D ( 'NONE', #3329, #811, #3034 ) ;
#2757 = FACE_OUTER_BOUND ( 'NONE', #2537, .T. ) ;
#2758 = EDGE_CURVE ( 'NONE', #2365, #1720, #1310, .T. ) ;
#2759 = VERTEX_POINT ( 'NONE', #1902 ) ;
#2760 = CARTESIAN_POINT ( 'NONE',  ( 3.499999999999999112, 1.699999999999997069, -1.350000000000000089 ) ) ;
#2761 = CARTESIAN_POINT ( 'NONE',  ( 8.500000000000000000, 1.700000000000000178, -1.349999999999999867 ) ) ;
#2762 = AXIS2_PLACEMENT_3D ( 'NONE', #1021, #2128, #494 ) ;
#2763 = EDGE_CURVE ( 'NONE', #2759, #41, #3320, .T. ) ;
#2764 = CYLINDRICAL_SURFACE ( 'NONE', #508, 0.2499999999999999445 ) ;
#2765 = DIRECTION ( 'NONE',  ( 0.000000000000000000, -0.000000000000000000, -1.000000000000000000 ) ) ;
#2766 = CIRCLE ( 'NONE', #1205, 0.05000000000000002359 ) ;
#2767 = DIRECTION ( 'NONE',  ( 0.000000000000000000, 0.000000000000000000, 1.000000000000000000 ) ) ;
#2768 = ORIENTED_EDGE ( 'NONE', *, *, #537, .F. ) ;
#2769 = ORIENTED_EDGE ( 'NONE', *, *, #1717, .F. ) ;
#2770 = ORIENTED_EDGE ( 'NONE', *, *, #1447, .F. ) ;
#2771 = PLANE ( 'NONE',  #1584 ) ;
#2772 = ORIENTED_EDGE ( 'NONE', *, *, #2112, .T. ) ;
#2773 = CARTESIAN_POINT ( 'NONE',  ( 1.500000000000000000, -2.500000000000000000, -0.4500000000000000111 ) ) ;
#2774 = CARTESIAN_POINT ( 'NONE',  ( 3.000000000000000444, 4.299999999999999822, 0.000000000000000000 ) ) ;
#2775 = EDGE_LOOP ( 'NONE', ( #3087, #2402, #577, #3321 ) ) ;
#2776 = DIRECTION ( 'NONE',  ( 0.000000000000000000, 0.000000000000000000, -1.000000000000000000 ) ) ;
#2777 = DIRECTION ( 'NONE',  ( 0.000000000000000000, -0.2946324443755307110, -0.9556106543573590351 ) ) ;
#2778 = EDGE_CURVE ( 'NONE', #2129, #635, #1887, .T. ) ;
#2779 = DIRECTION ( 'NONE',  ( 1.000000000000000000, 0.000000000000000000, 0.000000000000000000 ) ) ;
#2780 = FACE_OUTER_BOUND ( 'NONE', #63, .T. ) ;
#2781 = ORIENTED_EDGE ( 'NONE', *, *, #2095, .F. ) ;
#2782 = ORIENTED_EDGE ( 'NONE', *, *, #1597, .F. ) ;
#2783 = CARTESIAN_POINT ( 'NONE',  ( -2.500000000000000444, 1.100000000000000755, -0.8000000000000008216 ) ) ;
#2784 = ADVANCED_FACE ( 'NONE', ( #1732 ), #52, .T. ) ;
#2785 = CARTESIAN_POINT ( 'NONE',  ( 9.000000000000001776, 4.500000000000000000, -1.550000000000000044 ) ) ;
#2786 = CARTESIAN_POINT ( 'NONE',  ( -0.9000000000000002442, 0.000000000000000000, -1.750000000000000000 ) ) ;
#2787 = VERTEX_POINT ( 'NONE', #1451 ) ;
#2788 = DIRECTION ( 'NONE',  ( 0.000000000000000000, 0.000000000000000000, 1.000000000000000000 ) ) ;
#2789 = CARTESIAN_POINT ( 'NONE',  ( 1.500000000000000000, 3.799999999999999822, -0.5000000000000000000 ) ) ;
#2790 = PRODUCT_DEFINITION_SHAPE ( 'NONE', 'NONE',  #98 ) ;
#2791 = FACE_OUTER_BOUND ( 'NONE', #1544, .T. ) ;
#2792 = DIRECTION ( 'NONE',  ( 0.000000000000000000, 0.000000000000000000, -1.000000000000000000 ) ) ;
#2793 = CLOSED_SHELL ( 'NONE', ( #2332, #2963, #2352, #138, #2023, #2545, #3519, #1402, #1231, #55, #2549, #208, #2300, #2636, #758, #1186, #2546, #212, #1555, #2743, #3216, #1552, #1670, #2830, #984, #900, #65, #1795, #3200, #1080, #1825, #3127, #1838, #396, #430, #1894, #162, #3153, #957, #1615, #784, #2253, #2229, #3020, #2440, #2469, #1196, #878, #698, #2418, #3089, #1953, #1936, #3044, #3343, #139, #721, #3247, #171, #306, #2071, #1117, #3081, #449, #1971, #549, #1859, #124, #2682, #898, #606, #1408, #741, #595, #2875, #1777 ) ) ;
#2794 = DIRECTION ( 'NONE',  ( 0.000000000000000000, 0.000000000000000000, 1.000000000000000000 ) ) ;
#2795 = FACE_OUTER_BOUND ( 'NONE', #2506, .T. ) ;
#2796 = DIRECTION ( 'NONE',  ( 0.000000000000000000, 1.000000000000000000, 0.000000000000000000 ) ) ;
#2797 = FACE_OUTER_BOUND ( 'NONE', #243, .T. ) ;
#2798 = EDGE_CURVE ( 'NONE', #452, #3030, #1676, .T. ) ;
#2799 = AXIS2_PLACEMENT_3D ( 'NONE', #588, #876, #336 ) ;
#2800 = ORIENTED_EDGE ( 'NONE', *, *, #1754, .T. ) ;
#2801 = ORIENTED_EDGE ( 'NONE', *, *, #3217, .F. ) ;
#2802 = VECTOR ( 'NONE', #2610, 1000.000000000000000 ) ;
#2803 = EDGE_CURVE ( 'NONE', #3546, #3431, #3389, .T. ) ;
#2804 = CARTESIAN_POINT ( 'NONE',  ( 4.336808689942017736E-16, 0.1500000000000001055, -0.4500000000000001221 ) ) ;
#2805 = EDGE_LOOP ( 'NONE', ( #2619, #1672 ) ) ;
#2806 = VECTOR ( 'NONE', #1108, 1000.000000000000000 ) ;
#2807 = CARTESIAN_POINT ( 'NONE',  ( 1.500000000000000000, -1.900000000000000133, -0.1999999999999999833 ) ) ;
#2808 = VECTOR ( 'NONE', #1542, 1000.000000000000000 ) ;
#2809 = LINE ( 'NONE', #3092, #546 ) ;
#2810 = ORIENTED_EDGE ( 'NONE', *, *, #115, .F. ) ;
#2811 = AXIS2_PLACEMENT_3D ( 'NONE', #1636, #1601, #231 ) ;
#2812 = DIRECTION ( 'NONE',  ( 0.000000000000000000, -1.000000000000000000, -1.232047923278981706E-16 ) ) ;
#2813 = CIRCLE ( 'NONE', #850, 0.3999999999999998002 ) ;
#2814 =( NAMED_UNIT ( * ) PLANE_ANGLE_UNIT ( ) SI_UNIT ( $, .RADIAN. ) );
#2815 = DIRECTION ( 'NONE',  ( 0.000000000000000000, 1.000000000000000000, 0.000000000000000000 ) ) ;
#2816 = VECTOR ( 'NONE', #869, 1000.000000000000000 ) ;
#2817 = DIRECTION ( 'NONE',  ( -0.000000000000000000, 1.000000000000000000, -0.000000000000000000 ) ) ;
#2818 = CARTESIAN_POINT ( 'NONE',  ( 6.599999999999999645, 2.204364238465235083E-16, -1.750000000000000000 ) ) ;
#2819 = VECTOR ( 'NONE', #2531, 1000.000000000000000 ) ;
#2820 = DIRECTION ( 'NONE',  ( -0.000000000000000000, 1.000000000000000000, -0.000000000000000000 ) ) ;
#2821 = EDGE_LOOP ( 'NONE', ( #1289, #2768, #297, #2422 ) ) ;
#2822 = ORIENTED_EDGE ( 'NONE', *, *, #2007, .F. ) ;
#2823 = AXIS2_PLACEMENT_3D ( 'NONE', #516, #2188, #1630 ) ;
#2824 = CARTESIAN_POINT ( 'NONE',  ( 1.500000000000000000, -2.700000000000000178, -0.5000000000000000000 ) ) ;
#2825 = EDGE_LOOP ( 'NONE', ( #676, #556 ) ) ;
#2826 = APPLICATION_CONTEXT ( 'automotive_design' ) ;
#2827 = PRESENTATION_LAYER_ASSIGNMENT (  '', '', ( #562 ) ) ;
#2828 = ADVANCED_FACE ( 'NONE', ( #2499 ), #1822, .T. ) ;
#2829 = DIRECTION ( 'NONE',  ( 0.000000000000000000, 1.000000000000000000, 0.000000000000000000 ) ) ;
#2830 = ADVANCED_FACE ( 'NONE', ( #877 ), #371, .F. ) ;
#2831 = DIRECTION ( 'NONE',  ( 1.000000000000000000, 0.000000000000000000, 0.000000000000000000 ) ) ;
#2832 = DIRECTION ( 'NONE',  ( 1.000000000000000000, 1.508823545639749896E-32, 0.000000000000000000 ) ) ;
#2833 = ORIENTED_EDGE ( 'NONE', *, *, #70, .F. ) ;
#2834 = EDGE_CURVE ( 'NONE', #3181, #429, #3183, .T. ) ;
#2835 = CARTESIAN_POINT ( 'NONE',  ( 1.500000000000000000, 3.600000000000000089, -0.4500000000000000111 ) ) ;
#2836 = DIRECTION ( 'NONE',  ( 1.000000000000000000, 0.000000000000000000, 0.000000000000000000 ) ) ;
#2837 = LINE ( 'NONE', #1184, #2516 ) ;
#2838 = DIRECTION ( 'NONE',  ( -0.000000000000000000, -0.000000000000000000, 1.000000000000000000 ) ) ;
#2839 = ORIENTED_EDGE ( 'NONE', *, *, #1837, .T. ) ;
#2840 = PLANE ( 'NONE',  #1132 ) ;
#2841 = DIRECTION ( 'NONE',  ( 1.000000000000000000, -0.000000000000000000, -0.000000000000000000 ) ) ;
#2842 = VERTEX_POINT ( 'NONE', #3117 ) ;
#2843 = ORIENTED_EDGE ( 'NONE', *, *, #1907, .F. ) ;
#2844 = ORIENTED_EDGE ( 'NONE', *, *, #2591, .T. ) ;
#2845 = DIRECTION ( 'NONE',  ( 0.000000000000000000, 1.000000000000000000, 0.000000000000000000 ) ) ;
#2846 = EDGE_LOOP ( 'NONE', ( #3411, #3521, #682, #828, #2978, #1062, #1134, #2924, #2220, #2699, #3481, #245, #3280, #2369, #3051, #1632 ) ) ;
#2847 = LINE ( 'NONE', #855, #2334 ) ;
#2848 = CARTESIAN_POINT ( 'NONE',  ( 7.799999999999999822, 1.699999999999999734, 1.350000000000000311 ) ) ;
#2849 = DIRECTION ( 'NONE',  ( 0.000000000000000000, 0.000000000000000000, -1.000000000000000000 ) ) ;
#2850 = EDGE_CURVE ( 'NONE', #976, #3347, #1206, .T. ) ;
#2851 = ORIENTED_EDGE ( 'NONE', *, *, #2905, .F. ) ;
#2852 = ORIENTED_EDGE ( 'NONE', *, *, #2693, .F. ) ;
#2853 = CARTESIAN_POINT ( 'NONE',  ( 8.500000000000000000, 1.099999999999999867, -1.350000000000000089 ) ) ;
#2854 = SURFACE_STYLE_FILL_AREA ( #613 ) ;
#2855 = ORIENTED_EDGE ( 'NONE', *, *, #830, .F. ) ;
#2856 = EDGE_CURVE ( 'NONE', #2196, #2348, #1970, .T. ) ;
#2857 = DIRECTION ( 'NONE',  ( -1.000000000000000000, 0.000000000000000000, 0.000000000000000000 ) ) ;
#2858 = ORIENTED_EDGE ( 'NONE', *, *, #2946, .T. ) ;
#2859 = CARTESIAN_POINT ( 'NONE',  ( 7.500000000000000888, 0.000000000000000000, -0.4500000000000001221 ) ) ;
#2860 = EDGE_CURVE ( 'NONE', #3382, #1607, #1463, .T. ) ;
#2861 = VERTEX_POINT ( 'NONE', #1955 ) ;
#2862 = DIRECTION ( 'NONE',  ( 0.000000000000000000, -1.000000000000000000, -8.673617379884039416E-16 ) ) ;
#2863 = AXIS2_PLACEMENT_3D ( 'NONE', #280, #2481, #1109 ) ;
#2864 = APPLICATION_CONTEXT ( 'automotive_design' ) ;
#2865 = CARTESIAN_POINT ( 'NONE',  ( 8.500000000000000000, 1.624999999999989786, 1.874999999999993339 ) ) ;
#2866 = LINE ( 'NONE', #1161, #1577 ) ;
#2867 = VECTOR ( 'NONE', #3339, 1000.000000000000000 ) ;
#2868 = ORIENTED_EDGE ( 'NONE', *, *, #3492, .F. ) ;
#2869 = VECTOR ( 'NONE', #1728, 1000.000000000000000 ) ;
#2870 = CARTESIAN_POINT ( 'NONE',  ( 2.400000000000000355, 4.500000000000000000, 1.750000000000000000 ) ) ;
#2871 = EDGE_CURVE ( 'NONE', #2673, #2538, #614, .T. ) ;
#2872 = VECTOR ( 'NONE', #2347, 1000.000000000000000 ) ;
#2873 = CARTESIAN_POINT ( 'NONE',  ( 1.500000000000001776, 0.1499999999999990785, 1.750000000000000000 ) ) ;
#2874 = ORIENTED_EDGE ( 'NONE', *, *, #2489, .T. ) ;
#2875 = ADVANCED_FACE ( 'NONE', ( #926 ), #315, .F. ) ;
#2876 = AXIS2_PLACEMENT_3D ( 'NONE', #2078, #3513, #2343 ) ;
#2877 = ORIENTED_EDGE ( 'NONE', *, *, #2, .F. ) ;
#2878 = DIRECTION ( 'NONE',  ( -0.000000000000000000, -1.000000000000000000, -0.000000000000000000 ) ) ;
#2879 = LINE ( 'NONE', #3179, #2931 ) ;
#2880 = ORIENTED_EDGE ( 'NONE', *, *, #1278, .T. ) ;
#2881 = LINE ( 'NONE', #321, #151 ) ;
#2882 = ORIENTED_EDGE ( 'NONE', *, *, #1648, .T. ) ;
#2883 = AXIS2_PLACEMENT_3D ( 'NONE', #1975, #1135, #2033 ) ;
#2884 = ADVANCED_FACE ( 'NONE', ( #1435 ), #273, .T. ) ;
#2885 = CIRCLE ( 'NONE', #612, 0.2500000000000002220 ) ;
#2886 = DIRECTION ( 'NONE',  ( -1.000000000000000000, 0.000000000000000000, 0.000000000000000000 ) ) ;
#2887 = ORIENTED_EDGE ( 'NONE', *, *, #830, .T. ) ;
#2888 = VECTOR ( 'NONE', #2878, 1000.000000000000000 ) ;
#2889 = PLANE ( 'NONE',  #2224 ) ;
#2890 = PLANE ( 'NONE',  #426 ) ;
#2891 = CARTESIAN_POINT ( 'NONE',  ( 8.250000000000000000, 1.102182119232617541E-16, 1.750000000000000000 ) ) ;
#2892 = ORIENTED_EDGE ( 'NONE', *, *, #674, .T. ) ;
#2893 = ORIENTED_EDGE ( 'NONE', *, *, #1465, .F. ) ;
#2894 = AXIS2_PLACEMENT_3D ( 'NONE', #2384, #1233, #3249 ) ;
#2895 = DIRECTION ( 'NONE',  ( -0.000000000000000000, 1.000000000000000000, 3.614007241618347785E-16 ) ) ;
#2896 =( NAMED_UNIT ( * ) PLANE_ANGLE_UNIT ( ) SI_UNIT ( $, .RADIAN. ) );
#2897 = ORIENTED_EDGE ( 'NONE', *, *, #522, .F. ) ;
#2898 = CARTESIAN_POINT ( 'NONE',  ( -2.999999999999999556, 4.500000000000000000, -0.9999999999999978906 ) ) ;
#2899 = DIRECTION ( 'NONE',  ( -1.000000000000000000, 0.000000000000000000, 0.000000000000000000 ) ) ;
#2900 = DIRECTION ( 'NONE',  ( -0.000000000000000000, 1.000000000000000000, -0.000000000000000000 ) ) ;
#2901 = DIRECTION ( 'NONE',  ( -0.000000000000000000, 1.000000000000000000, -0.000000000000000000 ) ) ;
#2902 = ORIENTED_EDGE ( 'NONE', *, *, #2860, .T. ) ;
#2903 = EDGE_CURVE ( 'NONE', #123, #2261, #1413, .T. ) ;
#2904 = ORIENTED_EDGE ( 'NONE', *, *, #3543, .T. ) ;
#2905 = EDGE_CURVE ( 'NONE', #1115, #1735, #1423, .T. ) ;
#2906 = CARTESIAN_POINT ( 'NONE',  ( 0.5999999999999998668, 0.1500000000000002165, 1.750000000000000000 ) ) ;
#2907 = EDGE_CURVE ( 'NONE', #1146, #1720, #2837, .T. ) ;
#2908 = CARTESIAN_POINT ( 'NONE',  ( 8.500000000000000000, 1.700000000000000178, -1.750000000000000000 ) ) ;
#2909 = CARTESIAN_POINT ( 'NONE',  ( 3.000000000000000444, 1.399999999999999911, -0.4500000000000001221 ) ) ;
#2910 = EDGE_LOOP ( 'NONE', ( #2769, #1173, #3439, #2149 ) ) ;
#2911 = ORIENTED_EDGE ( 'NONE', *, *, #2641, .T. ) ;
#2912 = VERTEX_POINT ( 'NONE', #912 ) ;
#2913 = LINE ( 'NONE', #2142, #1805 ) ;
#2914 = CARTESIAN_POINT ( 'NONE',  ( -1.499999999999999556, 1.399999999999999911, -0.4500000000000001221 ) ) ;
#2915 = DIRECTION ( 'NONE',  ( 0.000000000000000000, 0.000000000000000000, 1.000000000000000000 ) ) ;
#2916 = EDGE_CURVE ( 'NONE', #1756, #1720, #1076, .T. ) ;
#2917 = FACE_OUTER_BOUND ( 'NONE', #548, .T. ) ;
#2918 = CARTESIAN_POINT ( 'NONE',  ( 2.100000000000000089, 0.1500000000000002165, 1.750000000000000000 ) ) ;
#2919 = CARTESIAN_POINT ( 'NONE',  ( 8.500000000000000000, 1.099999999999999867, 1.350000000000000089 ) ) ;
#2920 = DIRECTION ( 'NONE',  ( 0.000000000000000000, 0.000000000000000000, 1.000000000000000000 ) ) ;
#2921 = ORIENTED_EDGE ( 'NONE', *, *, #2154, .T. ) ;
#2922 = EDGE_LOOP ( 'NONE', ( #216, #1683, #499, #1486, #2025, #1057, #2361, #3094 ) ) ;
#2923 = AXIS2_PLACEMENT_3D ( 'NONE', #521, #1620, #249 ) ;
#2924 = ORIENTED_EDGE ( 'NONE', *, *, #1569, .T. ) ;
#2925 = EDGE_CURVE ( 'NONE', #3102, #3596, #3496, .T. ) ;
#2926 = VECTOR ( 'NONE', #1033, 1000.000000000000000 ) ;
#2927 = LINE ( 'NONE', #2643, #714 ) ;
#2928 = ORIENTED_EDGE ( 'NONE', *, *, #3515, .F. ) ;
#2929 = CIRCLE ( 'NONE', #134, 0.2499999999999999445 ) ;
#2930 = FACE_BOUND ( 'NONE', #2825, .T. ) ;
#2931 = VECTOR ( 'NONE', #678, 1000.000000000000000 ) ;
#2932 = CARTESIAN_POINT ( 'NONE',  ( 9.000000000000001776, 4.500000000000000000, 1.750000000000000000 ) ) ;
#2933 = CYLINDRICAL_SURFACE ( 'NONE', #3003, 0.2499999999999999445 ) ;
#2934 = AXIS2_PLACEMENT_3D ( 'NONE', #1541, #713, #154 ) ;
#2935 = LINE ( 'NONE', #206, #1312 ) ;
#2936 = ORIENTED_EDGE ( 'NONE', *, *, #2318, .F. ) ;
#2937 = VECTOR ( 'NONE', #2649, 1000.000000000000000 ) ;
#2938 = CARTESIAN_POINT ( 'NONE',  ( 1.500000000000000000, -2.700000000000000178, -0.4500000000000000111 ) ) ;
#2939 = AXIS2_PLACEMENT_3D ( 'NONE', #2411, #1611, #240 ) ;
#2940 = CARTESIAN_POINT ( 'NONE',  ( 3.000000000000000444, 0.000000000000000000, -1.750000000000000000 ) ) ;
#2941 = LINE ( 'NONE', #448, #1758 ) ;
#2942 = ORIENTED_EDGE ( 'NONE', *, *, #3449, .T. ) ;
#2943 = AXIS2_PLACEMENT_3D ( 'NONE', #2032, #1467, #3156 ) ;
#2944 = VERTEX_POINT ( 'NONE', #2973 ) ;
#2945 = EDGE_CURVE ( 'NONE', #679, #2329, #1539, .T. ) ;
#2946 = EDGE_CURVE ( 'NONE', #1786, #3264, #91, .T. ) ;
#2947 =( GEOMETRIC_REPRESENTATION_CONTEXT ( 3 ) GLOBAL_UNCERTAINTY_ASSIGNED_CONTEXT ( ( #1628 ) ) GLOBAL_UNIT_ASSIGNED_CONTEXT ( ( #387, #2814, #2291 ) ) REPRESENTATION_CONTEXT ( 'NONE', 'WORKASPACE' ) );
#2948 = DIRECTION ( 'NONE',  ( 0.000000000000000000, 0.000000000000000000, 1.000000000000000000 ) ) ;
#2949 = ORIENTED_EDGE ( 'NONE', *, *, #1717, .T. ) ;
#2950 = DIRECTION ( 'NONE',  ( 0.000000000000000000, -0.7071067811865452413, -0.7071067811865497932 ) ) ;
#2951 = ORIENTED_EDGE ( 'NONE', *, *, #2141, .F. ) ;
#2952 = EDGE_CURVE ( 'NONE', #2944, #18, #2119, .T. ) ;
#2953 = AXIS2_PLACEMENT_3D ( 'NONE', #3193, #2948, #992 ) ;
#2954 = CARTESIAN_POINT ( 'NONE',  ( -2.999999999999999556, 4.299999999999999822, 0.000000000000000000 ) ) ;
#2955 = DIRECTION ( 'NONE',  ( 0.000000000000000000, 1.000000000000000000, 0.000000000000000000 ) ) ;
#2956 = PLANE ( 'NONE',  #3478 ) ;
#2957 = DIRECTION ( 'NONE',  ( 0.000000000000000000, -1.000000000000000000, 0.000000000000000000 ) ) ;
#2958 = CARTESIAN_POINT ( 'NONE',  ( -2.999999999999999556, 4.500000000000000000, 0.1999999999999984568 ) ) ;
#2959 = DIRECTION ( 'NONE',  ( 0.000000000000000000, 0.000000000000000000, 1.000000000000000000 ) ) ;
#2960 = CYLINDRICAL_SURFACE ( 'NONE', #1815, 0.2499999999999999445 ) ;
#2961 = ORIENTED_EDGE ( 'NONE', *, *, #1214, .T. ) ;
#2962 = ORIENTED_EDGE ( 'NONE', *, *, #500, .T. ) ;
#2963 = ADVANCED_FACE ( 'NONE', ( #2652 ), #3258, .F. ) ;
#2964 = DIRECTION ( 'NONE',  ( 1.000000000000000000, 0.000000000000000000, 0.000000000000000000 ) ) ;
#2965 = LINE ( 'NONE', #541, #2806 ) ;
#2966 = FACE_OUTER_BOUND ( 'NONE', #881, .T. ) ;
#2967 = FACE_OUTER_BOUND ( 'NONE', #3223, .T. ) ;
#2968 = APPLICATION_CONTEXT ( 'automotive_design' ) ;
#2969 = CARTESIAN_POINT ( 'NONE',  ( 0.9000000000000002442, 0.1499999999999999944, 1.750000000000000000 ) ) ;
#2970 = CARTESIAN_POINT ( 'NONE',  ( 3.499999999999999556, 2.700000000000000178, -1.350000000000000089 ) ) ;
#2971 = EDGE_CURVE ( 'NONE', #1022, #246, #3279, .T. ) ;
#2972 = CARTESIAN_POINT ( 'NONE',  ( 1.500000000000000000, -1.375000000000000000, -0.3000000000000079825 ) ) ;
#2973 = CARTESIAN_POINT ( 'NONE',  ( 1.500000000000000000, -1.301341888906118127, -0.2889026635893400252 ) ) ;
#2974 = EDGE_LOOP ( 'NONE', ( #582, #2303, #3135, #2083 ) ) ;
#2975 = CARTESIAN_POINT ( 'NONE',  ( 0.5999999999999998668, 0.1500000000000002165, -1.750000000000000000 ) ) ;
#2976 = DIRECTION ( 'NONE',  ( 0.000000000000000000, -1.000000000000000000, 0.000000000000000000 ) ) ;
#2977 = CARTESIAN_POINT ( 'NONE',  ( -2.999999999999999556, 1.100000000000000311, -1.750000000000000000 ) ) ;
#2978 = ORIENTED_EDGE ( 'NONE', *, *, #2617, .F. ) ;
#2979 = ORIENTED_EDGE ( 'NONE', *, *, #3574, .T. ) ;
#2980 = AXIS2_PLACEMENT_3D ( 'NONE', #2714, #234, #1332 ) ;
#2981 = ORIENTED_EDGE ( 'NONE', *, *, #2529, .T. ) ;
#2982 = SHAPE_DEFINITION_REPRESENTATION ( #882, #1799 ) ;
#2983 = CARTESIAN_POINT ( 'NONE',  ( 1.500000000000000444, 0.1500000000000001055, -0.2000000000000001499 ) ) ;
#2984 = ORIENTED_EDGE ( 'NONE', *, *, #1526, .T. ) ;
#2985 = AXIS2_PLACEMENT_3D ( 'NONE', #1444, #3109, #82 ) ;
#2986 = FACE_BOUND ( 'NONE', #610, .T. ) ;
#2987 = DIRECTION ( 'NONE',  ( 1.000000000000000000, 1.807003620809174878E-16, 0.000000000000000000 ) ) ;
#2988 = VECTOR ( 'NONE', #750, 1000.000000000000000 ) ;
#2989 = CARTESIAN_POINT ( 'NONE',  ( -2.999999999999999556, 1.099999999999999867, -1.550000000000000266 ) ) ;
#2990 = EDGE_CURVE ( 'NONE', #495, #635, #2464, .T. ) ;
#2991 = ADVANCED_FACE ( 'NONE', ( #2917 ), #3240, .T. ) ;
#2992 = CARTESIAN_POINT ( 'NONE',  ( 5.400000000000000355, 0.1499999999999999944, -1.750000000000000000 ) ) ;
#2993 =( GEOMETRIC_REPRESENTATION_CONTEXT ( 3 ) GLOBAL_UNCERTAINTY_ASSIGNED_CONTEXT ( ( #3214 ) ) GLOBAL_UNIT_ASSIGNED_CONTEXT ( ( #1352, #3060, #3367 ) ) REPRESENTATION_CONTEXT ( 'NONE', 'WORKASPACE' ) );
#2994 = CARTESIAN_POINT ( 'NONE',  ( 1.500000000000000000, -1.425000000000000044, -0.5500000000000080380 ) ) ;
#2995 = DIRECTION ( 'NONE',  ( 0.000000000000000000, 1.000000000000000000, 0.000000000000000000 ) ) ;
#2996 = ORIENTED_EDGE ( 'NONE', *, *, #783, .T. ) ;
#2997 = CYLINDRICAL_SURFACE ( 'NONE', #3182, 0.2499999999999999445 ) ;
#2998 = VECTOR ( 'NONE', #21, 1000.000000000000000 ) ;
#2999 = VECTOR ( 'NONE', #2003, 1000.000000000000000 ) ;
#3000 = CARTESIAN_POINT ( 'NONE',  ( 0.000000000000000000, 0.000000000000000000, 0.000000000000000000 ) ) ;
#3001 = CARTESIAN_POINT ( 'NONE',  ( -1.799999999999999156, 1.699999999999999734, 1.350000000000000311 ) ) ;
#3002 = DIRECTION ( 'NONE',  ( 0.000000000000000000, -0.9556106543573592571, -0.2946324443755295452 ) ) ;
#3003 = AXIS2_PLACEMENT_3D ( 'NONE', #438, #2901, #405 ) ;
#3004 = DIRECTION ( 'NONE',  ( -0.000000000000000000, -0.000000000000000000, 1.000000000000000000 ) ) ;
#3005 = AXIS2_PLACEMENT_3D ( 'NONE', #3152, #2233, #2792 ) ;
#3006 = ORIENTED_EDGE ( 'NONE', *, *, #1730, .T. ) ;
#3007 = EDGE_LOOP ( 'NONE', ( #2961, #1943, #2460, #2279, #1042, #2090, #2268, #1164, #3192, #1281, #1104, #3314, #2663, #744, #122, #44, #1154, #638, #2949, #27, #1139, #1811, #3393, #1137, #1801, #1271, #1191, #761, #3268, #3512, #288, #1182 ) ) ;
#3008 = DIRECTION ( 'NONE',  ( 1.000000000000000000, 0.000000000000000000, -0.000000000000000000 ) ) ;
#3009 = VECTOR ( 'NONE', #94, 1000.000000000000000 ) ;
#3010 = CARTESIAN_POINT ( 'NONE',  ( -2.500000000000000444, 1.099999999999999867, -1.350000000000000089 ) ) ;
#3011 = CARTESIAN_POINT ( 'NONE',  ( 1.500000000000000000, -0.9000000000000000222, -0.4500000000000000111 ) ) ;
#3012 = AXIS2_PLACEMENT_3D ( 'NONE', #1325, #2482, #2431 ) ;
#3013 = LINE ( 'NONE', #1035, #1708 ) ;
#3014 = ORIENTED_EDGE ( 'NONE', *, *, #77, .T. ) ;
#3015 =( GEOMETRIC_REPRESENTATION_CONTEXT ( 3 ) GLOBAL_UNCERTAINTY_ASSIGNED_CONTEXT ( ( #2467 ) ) GLOBAL_UNIT_ASSIGNED_CONTEXT ( ( #163, #464, #1505 ) ) REPRESENTATION_CONTEXT ( 'NONE', 'WORKASPACE' ) );
#3016 = DIRECTION ( 'NONE',  ( 0.000000000000000000, 1.232047923278981706E-16, -1.000000000000000000 ) ) ;
#3017 = EDGE_CURVE ( 'NONE', #1598, #860, #2629, .T. ) ;
#3018 = DIRECTION ( 'NONE',  ( -0.000000000000000000, 1.000000000000000000, -0.000000000000000000 ) ) ;
#3019 = ORIENTED_EDGE ( 'NONE', *, *, #1487, .F. ) ;
#3020 = ADVANCED_FACE ( 'NONE', ( #1517 ), #474, .T. ) ;
#3021 = LINE ( 'NONE', #3384, #1932 ) ;
#3022 =( REPRESENTATION_RELATIONSHIP ('NONE','NONE', #2387, #2143 ) REPRESENTATION_RELATIONSHIP_WITH_TRANSFORMATION ( #277 )SHAPE_REPRESENTATION_RELATIONSHIP( ) );
#3023 = CARTESIAN_POINT ( 'NONE',  ( 9.000000000000001776, 0.7500000000000000000, -1.750000000000000000 ) ) ;
#3024 = PLANE ( 'NONE',  #1871 ) ;
#3025 = ORIENTED_EDGE ( 'NONE', *, *, #115, .T. ) ;
#3026 = DIRECTION ( 'NONE',  ( 0.000000000000000000, -1.000000000000000000, 0.000000000000000000 ) ) ;
#3027 = CARTESIAN_POINT ( 'NONE',  ( 9.000000000000001776, 4.500000000000000000, 1.750000000000000000 ) ) ;
#3028 = CARTESIAN_POINT ( 'NONE',  ( 1.500000000000000444, 1.399999999999999911, -0.4500000000000001221 ) ) ;
#3029 = CARTESIAN_POINT ( 'NONE',  ( -2.999999999999999556, 4.299999999999999822, -0.7999999999999994893 ) ) ;
#3030 = VERTEX_POINT ( 'NONE', #1573 ) ;
#3031 = VERTEX_POINT ( 'NONE', #1865 ) ;
#3032 = VERTEX_POINT ( 'NONE', #2416 ) ;
#3033 = EDGE_CURVE ( 'NONE', #2569, #1387, #2360, .T. ) ;
#3034 = DIRECTION ( 'NONE',  ( 0.000000000000000000, 0.000000000000000000, 1.000000000000000000 ) ) ;
#3035 = ORIENTED_EDGE ( 'NONE', *, *, #710, .T. ) ;
#3036 = ORIENTED_EDGE ( 'NONE', *, *, #650, .T. ) ;
#3037 = CARTESIAN_POINT ( 'NONE',  ( 9.000000000000001776, 4.500000000000000000, 1.750000000000000000 ) ) ;
#3038 = EDGE_CURVE ( 'NONE', #1188, #1190, #2123, .T. ) ;
#3039 = DIRECTION ( 'NONE',  ( 0.000000000000000000, 0.000000000000000000, 1.000000000000000000 ) ) ;
#3040 = EDGE_LOOP ( 'NONE', ( #3084, #346, #2839, #1853 ) ) ;
#3041 = CARTESIAN_POINT ( 'NONE',  ( -2.999999999999999556, 4.500000000000000000, -1.750000000000000000 ) ) ;
#3042 = ORIENTED_EDGE ( 'NONE', *, *, #2251, .T. ) ;
#3043 = CARTESIAN_POINT ( 'NONE',  ( 8.099999999999999645, 4.500000000000000000, 1.750000000000000000 ) ) ;
#3044 = ADVANCED_FACE ( 'NONE', ( #733 ), #2092, .F. ) ;
#3045 = DIRECTION ( 'NONE',  ( 1.000000000000000000, -0.000000000000000000, -0.000000000000000000 ) ) ;
#3046 = FACE_OUTER_BOUND ( 'NONE', #1974, .T. ) ;
#3047 = AXIS2_PLACEMENT_3D ( 'NONE', #649, #1716, #2270 ) ;
#3048 = CARTESIAN_POINT ( 'NONE',  ( 1.500000000000000444, 0.000000000000000000, -0.4500000000000001221 ) ) ;
#3049 = AXIS2_PLACEMENT_3D ( 'NONE', #3232, #2678, #166 ) ;
#3050 = DIRECTION ( 'NONE',  ( 0.000000000000000000, 0.000000000000000000, 1.000000000000000000 ) ) ;
#3051 = ORIENTED_EDGE ( 'NONE', *, *, #2106, .F. ) ;
#3052 =( LENGTH_UNIT ( ) NAMED_UNIT ( * ) SI_UNIT ( .MILLI., .METRE. ) );
#3053 = VERTEX_POINT ( 'NONE', #1810 ) ;
#3054 = VECTOR ( 'NONE', #1494, 1000.000000000000000 ) ;
#3055 = DIRECTION ( 'NONE',  ( 1.000000000000000000, -0.000000000000000000, -0.000000000000000000 ) ) ;
#3056 = VECTOR ( 'NONE', #3221, 1000.000000000000000 ) ;
#3057 = DIRECTION ( 'NONE',  ( 1.807003620809174878E-16, -1.000000000000000000, -0.000000000000000000 ) ) ;
#3058 = ORIENTED_EDGE ( 'NONE', *, *, #2710, .F. ) ;
#3059 = CARTESIAN_POINT ( 'NONE',  ( -1.499999999999999556, 1.399999999999999911, -0.4500000000000001221 ) ) ;
#3060 =( NAMED_UNIT ( * ) PLANE_ANGLE_UNIT ( ) SI_UNIT ( $, .RADIAN. ) );
#3061 = PRODUCT_CONTEXT ( 'NONE', #2864, 'mechanical' ) ;
#3062 = EDGE_CURVE ( 'NONE', #1586, #1046, #1556, .T. ) ;
#3063 = EDGE_CURVE ( 'NONE', #2787, #976, #2935, .T. ) ;
#3064 = AXIS2_PLACEMENT_3D ( 'NONE', #1485, #40, #3430 ) ;
#3065 = DIRECTION ( 'NONE',  ( 0.000000000000000000, 1.000000000000000000, 0.000000000000000000 ) ) ;
#3066 = AXIS2_PLACEMENT_3D ( 'NONE', #1719, #590, #16 ) ;
#3067 = FACE_OUTER_BOUND ( 'NONE', #3466, .T. ) ;
#3068 = CIRCLE ( 'NONE', #2521, 0.2500000000000000555 ) ;
#3069 = CARTESIAN_POINT ( 'NONE',  ( 6.899999999999999467, 0.1499999999999999944, -1.750000000000000000 ) ) ;
#3070 = VERTEX_POINT ( 'NONE', #3551 ) ;
#3071 = ORIENTED_EDGE ( 'NONE', *, *, #542, .T. ) ;
#3072 = EDGE_LOOP ( 'NONE', ( #961, #2843 ) ) ;
#3073 = AXIS2_PLACEMENT_3D ( 'NONE', #196, #3267, #2737 ) ;
#3074 = CARTESIAN_POINT ( 'NONE',  ( 3.600000000000000089, 0.1500000000000002165, -1.750000000000000000 ) ) ;
#3075 = CARTESIAN_POINT ( 'NONE',  ( 1.500000000000000000, 3.600000000000000089, -0.4500000000000000111 ) ) ;
#3076 = PLANE ( 'NONE',  #772 ) ;
#3077 = CARTESIAN_POINT ( 'NONE',  ( -0.5999999999999998668, 0.1499999999999999944, -1.750000000000000000 ) ) ;
#3078 = EDGE_CURVE ( 'NONE', #465, #428, #2147, .T. ) ;
#3079 = DIRECTION ( 'NONE',  ( -1.000000000000000000, 0.000000000000000000, 0.000000000000000000 ) ) ;
#3080 = CARTESIAN_POINT ( 'NONE',  ( 6.599999999999999645, 2.204364238465235083E-16, -1.750000000000000000 ) ) ;
#3081 = ADVANCED_FACE ( 'NONE', ( #2448 ), #263, .F. ) ;
#3082 = CARTESIAN_POINT ( 'NONE',  ( -2.999999999999999556, 4.500000000000000000, 1.750000000000000000 ) ) ;
#3083 = CARTESIAN_POINT ( 'NONE',  ( 8.500000000000000000, 1.399999999999999911, -1.350000000000000089 ) ) ;
#3084 = ORIENTED_EDGE ( 'NONE', *, *, #3017, .F. ) ;
#3085 = CARTESIAN_POINT ( 'NONE',  ( 3.000000000000001332, 0.1499999999999990785, 1.750000000000000000 ) ) ;
#3086 = ORIENTED_EDGE ( 'NONE', *, *, #99, .F. ) ;
#3087 = ORIENTED_EDGE ( 'NONE', *, *, #2485, .F. ) ;
#3088 = ORIENTED_EDGE ( 'NONE', *, *, #2860, .F. ) ;
#3089 = ADVANCED_FACE ( 'NONE', ( #242, #286 ), #39, .F. ) ;
#3090 = ORIENTED_EDGE ( 'NONE', *, *, #836, .F. ) ;
#3091 = LINE ( 'NONE', #2807, #1752 ) ;
#3092 = CARTESIAN_POINT ( 'NONE',  ( 8.250000000000000000, 2.700000000000000178, 1.350000000000000311 ) ) ;
#3093 = PRODUCT ( 'pin_Bent', 'pin_Bent', '', ( #1392 ) ) ;
#3094 = ORIENTED_EDGE ( 'NONE', *, *, #1025, .T. ) ;
#3095 = FACE_OUTER_BOUND ( 'NONE', #2030, .T. ) ;
#3096 = DIRECTION ( 'NONE',  ( -1.000000000000000000, 0.000000000000000000, 0.000000000000000000 ) ) ;
#3097 = DIRECTION ( 'NONE',  ( 0.000000000000000000, 1.000000000000000000, 0.000000000000000000 ) ) ;
#3098 = VECTOR ( 'NONE', #1572, 1000.000000000000000 ) ;
#3099 = LINE ( 'NONE', #2278, #2403 ) ;
#3100 = ORIENTED_EDGE ( 'NONE', *, *, #2313, .F. ) ;
#3101 = ADVANCED_FACE ( 'NONE', ( #303 ), #1383, .T. ) ;
#3102 = VERTEX_POINT ( 'NONE', #3083 ) ;
#3103 = EDGE_CURVE ( 'NONE', #1156, #155, #1612, .T. ) ;
#3104 = ORIENTED_EDGE ( 'NONE', *, *, #3560, .T. ) ;
#3105 = VECTOR ( 'NONE', #2623, 1000.000000000000000 ) ;
#3106 = CARTESIAN_POINT ( 'NONE',  ( -2.999999999999999556, 0.7500000000000000000, -1.750000000000000000 ) ) ;
#3107 = ORIENTED_EDGE ( 'NONE', *, *, #2475, .F. ) ;
#3108 = AXIS2_PLACEMENT_3D ( 'NONE', #1427, #381, #3418 ) ;
#3109 = DIRECTION ( 'NONE',  ( -1.000000000000000000, 2.168404344971007882E-16, 0.000000000000000000 ) ) ;
#3110 = AXIS2_PLACEMENT_3D ( 'NONE', #2453, #1656, #1101 ) ;
#3111 = LINE ( 'NONE', #1711, #3169 ) ;
#3112 = LINE ( 'NONE', #3190, #3173 ) ;
#3113 = ORIENTED_EDGE ( 'NONE', *, *, #1779, .T. ) ;
#3114 = ORIENTED_EDGE ( 'NONE', *, *, #207, .T. ) ;
#3115 = CIRCLE ( 'NONE', #3421, 0.2499999999999999445 ) ;
#3116 = DIRECTION ( 'NONE',  ( 0.000000000000000000, 1.000000000000000000, 0.000000000000000000 ) ) ;
#3117 = CARTESIAN_POINT ( 'NONE',  ( -2.500000000000000444, 1.399999999999999911, 0.000000000000000000 ) ) ;
#3118 = CIRCLE ( 'NONE', #35, 0.2499999999999997780 ) ;
#3119 = FACE_BOUND ( 'NONE', #2311, .T. ) ;
#3120 = LINE ( 'NONE', #2310, #2998 ) ;
#3121 = VECTOR ( 'NONE', #2900, 1000.000000000000000 ) ;
#3122 = CYLINDRICAL_SURFACE ( 'NONE', #1999, 0.3999999999999998002 ) ;
#3123 = ORIENTED_EDGE ( 'NONE', *, *, #2710, .T. ) ;
#3124 = VERTEX_POINT ( 'NONE', #1396 ) ;
#3125 = ORIENTED_EDGE ( 'NONE', *, *, #1213, .T. ) ;
#3126 = CIRCLE ( 'NONE', #1316, 0.2500000000000000000 ) ;
#3127 = ADVANCED_FACE ( 'NONE', ( #1133 ), #786, .F. ) ;
#3128 = DIRECTION ( 'NONE',  ( 1.807003620809174878E-16, -1.000000000000000000, -0.000000000000000000 ) ) ;
#3129 = ORIENTED_EDGE ( 'NONE', *, *, #740, .T. ) ;
#3130 = MECHANICAL_DESIGN_GEOMETRIC_PRESENTATION_REPRESENTATION (  '', ( #217 ), #2248 ) ;
#3131 = DIRECTION ( 'NONE',  ( 0.000000000000000000, 0.000000000000000000, -1.000000000000000000 ) ) ;
#3132 = EDGE_CURVE ( 'NONE', #49, #1230, #1111, .T. ) ;
#3133 = CARTESIAN_POINT ( 'NONE',  ( 0.9000000000000002442, 0.1499999999999999944, -1.750000000000000000 ) ) ;
#3134 = CARTESIAN_POINT ( 'NONE',  ( -2.100000000000000089, 0.1499999999999999944, -1.750000000000000000 ) ) ;
#3135 = ORIENTED_EDGE ( 'NONE', *, *, #3196, .T. ) ;
#3136 = CARTESIAN_POINT ( 'NONE',  ( -1.499999999999999556, 0.000000000000000000, -0.4500000000000001221 ) ) ;
#3137 = EDGE_CURVE ( 'NONE', #1355, #3032, #2216, .T. ) ;
#3138 = CARTESIAN_POINT ( 'NONE',  ( 1.500000000000000000, -0.9000000000000000222, -0.9499999999999999556 ) ) ;
#3139 = DIRECTION ( 'NONE',  ( 0.000000000000000000, 1.000000000000000000, 0.000000000000000000 ) ) ;
#3140 = CARTESIAN_POINT ( 'NONE',  ( 1.500000000000000000, 3.799999999999999822, -0.6999999999999999556 ) ) ;
#3141 = ORIENTED_EDGE ( 'NONE', *, *, #2250, .F. ) ;
#3142 = ORIENTED_EDGE ( 'NONE', *, *, #3033, .F. ) ;
#3143 = ORIENTED_EDGE ( 'NONE', *, *, #542, .F. ) ;
#3144 = CARTESIAN_POINT ( 'NONE',  ( 3.000000000000000444, 0.1500000000000001055, -0.4500000000000001221 ) ) ;
#3145 = EDGE_CURVE ( 'NONE', #1918, #1629, #1679, .T. ) ;
#3146 = LINE ( 'NONE', #1502, #2802 ) ;
#3147 = DIRECTION ( 'NONE',  ( 0.000000000000000000, 1.232047923278981706E-16, -1.000000000000000000 ) ) ;
#3148 = ORIENTED_EDGE ( 'NONE', *, *, #2505, .T. ) ;
#3149 = EDGE_CURVE ( 'NONE', #927, #860, #1533, .T. ) ;
#3150 = EDGE_CURVE ( 'NONE', #719, #428, #3357, .T. ) ;
#3151 = CARTESIAN_POINT ( 'NONE',  ( 8.500000000000000000, 1.100000000000000089, -6.505213034913026604E-16 ) ) ;
#3152 = CARTESIAN_POINT ( 'NONE',  ( 1.500000000000000000, -1.425000000000000044, -0.05000000000000000278 ) ) ;
#3153 = ADVANCED_FACE ( 'NONE', ( #845 ), #2726, .F. ) ;
#3154 = ORIENTED_EDGE ( 'NONE', *, *, #985, .T. ) ;
#3155 = CARTESIAN_POINT ( 'NONE',  ( 6.000000000000000000, 0.1500000000000001055, -0.7000000000000000666 ) ) ;
#3156 = DIRECTION ( 'NONE',  ( 0.000000000000000000, 0.000000000000000000, 1.000000000000000000 ) ) ;
#3157 = FACE_OUTER_BOUND ( 'NONE', #813, .T. ) ;
#3158 = ORIENTED_EDGE ( 'NONE', *, *, #1568, .T. ) ;
#3159 = ORIENTED_EDGE ( 'NONE', *, *, #325, .F. ) ;
#3160 = ORIENTED_EDGE ( 'NONE', *, *, #762, .T. ) ;
#3161 = DIRECTION ( 'NONE',  ( 0.000000000000000000, 0.9556106543573590351, -0.2946324443755309885 ) ) ;
#3162 = VECTOR ( 'NONE', #1461, 1000.000000000000000 ) ;
#3163 = DIRECTION ( 'NONE',  ( -0.000000000000000000, -0.000000000000000000, 1.000000000000000000 ) ) ;
#3164 = CARTESIAN_POINT ( 'NONE',  ( 5.400000000000000355, 0.1499999999999999944, -1.750000000000000000 ) ) ;
#3165 = VECTOR ( 'NONE', #2225, 1000.000000000000000 ) ;
#3166 = ORIENTED_EDGE ( 'NONE', *, *, #980, .F. ) ;
#3167 = ORIENTED_EDGE ( 'NONE', *, *, #2532, .F. ) ;
#3168 = EDGE_LOOP ( 'NONE', ( #816, #954, #630, #203 ) ) ;
#3169 = VECTOR ( 'NONE', #2831, 1000.000000000000000 ) ;
#3170 = LINE ( 'NONE', #2046, #2047 ) ;
#3171 = EDGE_CURVE ( 'NONE', #170, #1756, #3068, .T. ) ;
#3172 = EDGE_CURVE ( 'NONE', #347, #2004, #1097, .T. ) ;
#3173 = VECTOR ( 'NONE', #2580, 1000.000000000000000 ) ;
#3174 = FACE_BOUND ( 'NONE', #2140, .T. ) ;
#3175 = FACE_OUTER_BOUND ( 'NONE', #3359, .T. ) ;
#3176 = VECTOR ( 'NONE', #3435, 1000.000000000000000 ) ;
#3177 = EDGE_CURVE ( 'NONE', #919, #659, #3605, .T. ) ;
#3178 = CARTESIAN_POINT ( 'NONE',  ( 8.500000000000000000, 1.099999999999999867, 1.350000000000000089 ) ) ;
#3179 = CARTESIAN_POINT ( 'NONE',  ( -1.799999999999999156, 1.699999999999999734, -1.750000000000000000 ) ) ;
#3180 = DIRECTION ( 'NONE',  ( 0.000000000000000000, 1.000000000000000000, 0.000000000000000000 ) ) ;
#3181 = VERTEX_POINT ( 'NONE', #825 ) ;
#3182 = AXIS2_PLACEMENT_3D ( 'NONE', #304, #2148, #847 ) ;
#3183 = CIRCLE ( 'NONE', #3005, 0.2500000000000000000 ) ;
#3184 = DIRECTION ( 'NONE',  ( 1.000000000000000000, 0.000000000000000000, 0.000000000000000000 ) ) ;
#3185 = ORIENTED_EDGE ( 'NONE', *, *, #326, .T. ) ;
#3186 = AXIS2_PLACEMENT_3D ( 'NONE', #1256, #2679, #3212 ) ;
#3187 = CARTESIAN_POINT ( 'NONE',  ( 8.099999999999999645, 2.204364238465235083E-16, -1.750000000000000000 ) ) ;
#3188 = CARTESIAN_POINT ( 'NONE',  ( 9.000000000000001776, 3.100000000000000089, -2.439454888092384977E-16 ) ) ;
#3189 = CIRCLE ( 'NONE', #2579, 0.2499999999999999445 ) ;
#3190 = CARTESIAN_POINT ( 'NONE',  ( -2.500000000000000444, 4.500000000000000000, -1.350000000000000089 ) ) ;
#3191 = ORIENTED_EDGE ( 'NONE', *, *, #766, .T. ) ;
#3192 = ORIENTED_EDGE ( 'NONE', *, *, #1360, .T. ) ;
#3193 = CARTESIAN_POINT ( 'NONE',  ( 1.499999999999998668, 4.336808689942017736E-16, -1.084202172485504434E-16 ) ) ;
#3194 = ORIENTED_EDGE ( 'NONE', *, *, #2609, .F. ) ;
#3195 = LINE ( 'NONE', #2873, #1982 ) ;
#3196 = EDGE_CURVE ( 'NONE', #1951, #3272, #1428, .T. ) ;
#3197 = FACE_OUTER_BOUND ( 'NONE', #3, .T. ) ;
#3198 = FACE_OUTER_BOUND ( 'NONE', #2099, .T. ) ;
#3199 = ORIENTED_EDGE ( 'NONE', *, *, #1000, .T. ) ;
#3200 = ADVANCED_FACE ( 'NONE', ( #2748 ), #1916, .F. ) ;
#3201 = DIRECTION ( 'NONE',  ( 0.000000000000000000, 0.000000000000000000, 1.000000000000000000 ) ) ;
#3202 = CARTESIAN_POINT ( 'NONE',  ( -2.500000000000000444, 1.099999999999999867, -1.350000000000000089 ) ) ;
#3203 = DIRECTION ( 'NONE',  ( 1.000000000000000000, -0.000000000000000000, -0.000000000000000000 ) ) ;
#3204 = CARTESIAN_POINT ( 'NONE',  ( -0.9000000000000002442, 2.204364238465235083E-16, -1.750000000000000000 ) ) ;
#3205 = DIRECTION ( 'NONE',  ( -0.000000000000000000, 1.000000000000000000, -0.000000000000000000 ) ) ;
#3206 = ORIENTED_EDGE ( 'NONE', *, *, #3388, .F. ) ;
#3207 = ORIENTED_EDGE ( 'NONE', *, *, #3390, .T. ) ;
#3208 = ORIENTED_EDGE ( 'NONE', *, *, #3556, .T. ) ;
#3209 = DIRECTION ( 'NONE',  ( 0.000000000000000000, 0.000000000000000000, -1.000000000000000000 ) ) ;
#3210 = ORIENTED_EDGE ( 'NONE', *, *, #1863, .T. ) ;
#3211 = CARTESIAN_POINT ( 'NONE',  ( -2.499999999999999112, 1.700000000000000178, -1.349999999999999867 ) ) ;
#3212 = DIRECTION ( 'NONE',  ( 0.000000000000000000, 0.000000000000000000, 1.000000000000000000 ) ) ;
#3213 = LINE ( 'NONE', #457, #2176 ) ;
#3214 = UNCERTAINTY_MEASURE_WITH_UNIT (LENGTH_MEASURE( 1.000000000000000082E-05 ), #1352, 'distance_accuracy_value', 'NONE');
#3215 = DIRECTION ( 'NONE',  ( 1.000000000000000000, -0.000000000000000000, -0.000000000000000000 ) ) ;
#3216 = ADVANCED_FACE ( 'NONE', ( #3119, #1187 ), #1484, .F. ) ;
#3217 = EDGE_CURVE ( 'NONE', #271, #116, #1209, .T. ) ;
#3218 = EDGE_LOOP ( 'NONE', ( #3433, #3360, #3488, #393 ) ) ;
#3219 = DIRECTION ( 'NONE',  ( -0.000000000000000000, 1.000000000000000000, -0.000000000000000000 ) ) ;
#3220 = VECTOR ( 'NONE', #3597, 1000.000000000000000 ) ;
#3221 = DIRECTION ( 'NONE',  ( 1.000000000000000000, -0.000000000000000000, -0.000000000000000000 ) ) ;
#3222 = CYLINDRICAL_SURFACE ( 'NONE', #200, 0.2500000000000000000 ) ;
#3223 = EDGE_LOOP ( 'NONE', ( #2822, #1045, #535, #3505 ) ) ;
#3224 = ORIENTED_EDGE ( 'NONE', *, *, #2355, .T. ) ;
#3225 = CIRCLE ( 'NONE', #1294, 0.2500000000000000000 ) ;
#3226 = ORIENTED_EDGE ( 'NONE', *, *, #2298, .T. ) ;
#3227 = AXIS2_PLACEMENT_3D ( 'NONE', #2339, #964, #2070 ) ;
#3228 = CARTESIAN_POINT ( 'NONE',  ( -2.500000000000000444, 1.099999999999999867, 1.350000000000000089 ) ) ;
#3229 = ORIENTED_EDGE ( 'NONE', *, *, #1749, .F. ) ;
#3230 = DIRECTION ( 'NONE',  ( -0.000000000000000000, -1.000000000000000000, -0.000000000000000000 ) ) ;
#3231 = VECTOR ( 'NONE', #1305, 1000.000000000000000 ) ;
#3232 = CARTESIAN_POINT ( 'NONE',  ( 2.499999999999999556, 1.399999999999999911, 0.000000000000000000 ) ) ;
#3233 = VECTOR ( 'NONE', #831, 1000.000000000000000 ) ;
#3234 = DIRECTION ( 'NONE',  ( 0.000000000000000000, 1.000000000000000000, 0.000000000000000000 ) ) ;
#3235 = CARTESIAN_POINT ( 'NONE',  ( 5.400000000000000355, 0.000000000000000000, 1.750000000000000000 ) ) ;
#3236 = AXIS2_PLACEMENT_3D ( 'NONE', #832, #1061, #2171 ) ;
#3237 = DIRECTION ( 'NONE',  ( 0.000000000000000000, -1.000000000000000000, 0.000000000000000000 ) ) ;
#3238 = CIRCLE ( 'NONE', #1937, 0.05000000000000002359 ) ;
#3239 = PLANE ( 'NONE',  #2458 ) ;
#3240 = TOROIDAL_SURFACE ( 'NONE', #3313, 0.05000000000000000278, 0.2000000000000000111 ) ;
#3241 = CARTESIAN_POINT ( 'NONE',  ( 1.500000000000000000, -1.899999999999999911, -0.6999999999999999556 ) ) ;
#3242 = CARTESIAN_POINT ( 'NONE',  ( -2.100000000000000089, 0.1499999999999999944, -1.750000000000000000 ) ) ;
#3243 = ORIENTED_EDGE ( 'NONE', *, *, #491, .F. ) ;
#3244 = VERTEX_POINT ( 'NONE', #3407 ) ;
#3245 = VECTOR ( 'NONE', #1364, 1000.000000000000000 ) ;
#3246 = EDGE_LOOP ( 'NONE', ( #2661, #2258 ) ) ;
#3247 = ADVANCED_FACE ( 'NONE', ( #2309 ), #618, .F. ) ;
#3248 = AXIS2_PLACEMENT_3D ( 'NONE', #1092, #3079, #2200 ) ;
#3249 = DIRECTION ( 'NONE',  ( 1.000000000000000000, 0.000000000000000000, 0.000000000000000000 ) ) ;
#3250 = EDGE_LOOP ( 'NONE', ( #875, #2493, #2260, #3286, #3571, #706, #2582, #2877, #648, #3210, #1638, #1448, #3396, #2902 ) ) ;
#3251 = VERTEX_POINT ( 'NONE', #1153 ) ;
#3252 = ORIENTED_EDGE ( 'NONE', *, *, #1211, .T. ) ;
#3253 = EDGE_CURVE ( 'NONE', #2651, #150, #2603, .T. ) ;
#3254 = LINE ( 'NONE', #3547, #2050 ) ;
#3255 = DIRECTION ( 'NONE',  ( 1.000000000000000000, -6.195440985631454331E-16, 0.000000000000000000 ) ) ;
#3256 = LINE ( 'NONE', #748, #1202 ) ;
#3257 = UNCERTAINTY_MEASURE_WITH_UNIT (LENGTH_MEASURE( 1.000000000000000082E-05 ), #2272, 'distance_accuracy_value', 'NONE');
#3258 = CYLINDRICAL_SURFACE ( 'NONE', #609, 0.2499999999999999445 ) ;
#3259 = ORIENTED_EDGE ( 'NONE', *, *, #48, .T. ) ;
#3260 = FACE_OUTER_BOUND ( 'NONE', #181, .T. ) ;
#3261 = EDGE_LOOP ( 'NONE', ( #3332, #1579, #624, #2234 ) ) ;
#3262 = DIRECTION ( 'NONE',  ( 0.000000000000000000, 0.000000000000000000, -1.000000000000000000 ) ) ;
#3263 = CARTESIAN_POINT ( 'NONE',  ( 4.500000000000000888, 0.000000000000000000, -0.4500000000000001221 ) ) ;
#3264 = VERTEX_POINT ( 'NONE', #879 ) ;
#3265 = ORIENTED_EDGE ( 'NONE', *, *, #1333, .T. ) ;
#3266 = EDGE_LOOP ( 'NONE', ( #1782, #540, #1430, #2781 ) ) ;
#3267 = DIRECTION ( 'NONE',  ( 0.000000000000000000, 0.000000000000000000, 1.000000000000000000 ) ) ;
#3268 = ORIENTED_EDGE ( 'NONE', *, *, #1726, .T. ) ;
#3269 = EDGE_CURVE ( 'NONE', #2108, #886, #1712, .T. ) ;
#3270 = ADVANCED_FACE ( 'NONE', ( #404 ), #3595, .T. ) ;
#3271 = CARTESIAN_POINT ( 'NONE',  ( 4.642970389728856592E-16, 0.1500000000000001055, -0.7000000000000000666 ) ) ;
#3272 = VERTEX_POINT ( 'NONE', #2320 ) ;
#3273 = FACE_OUTER_BOUND ( 'NONE', #2277, .T. ) ;
#3274 = DIRECTION ( 'NONE',  ( 0.000000000000000000, 0.000000000000000000, -1.000000000000000000 ) ) ;
#3275 = EDGE_CURVE ( 'NONE', #1607, #123, #654, .T. ) ;
#3276 = PLANE ( 'NONE',  #210 ) ;
#3277 = CARTESIAN_POINT ( 'NONE',  ( 4.500000000000000888, 0.000000000000000000, 0.000000000000000000 ) ) ;
#3278 = DIRECTION ( 'NONE',  ( -1.000000000000000000, -0.000000000000000000, -0.000000000000000000 ) ) ;
#3279 = LINE ( 'NONE', #1261, #2302 ) ;
#3280 = ORIENTED_EDGE ( 'NONE', *, *, #836, .T. ) ;
#3281 = CARTESIAN_POINT ( 'NONE',  ( -0.5999999999999998668, 0.000000000000000000, -1.750000000000000000 ) ) ;
#3282 = ORIENTED_EDGE ( 'NONE', *, *, #1293, .F. ) ;
#3283 = ORIENTED_EDGE ( 'NONE', *, *, #1958, .F. ) ;
#3284 = PLANE ( 'NONE',  #1470 ) ;
#3285 = PLANE ( 'NONE',  #1519 ) ;
#3286 = ORIENTED_EDGE ( 'NONE', *, *, #1363, .T. ) ;
#3287 = DIRECTION ( 'NONE',  ( -0.000000000000000000, -0.000000000000000000, 1.000000000000000000 ) ) ;
#3288 = ORIENTED_EDGE ( 'NONE', *, *, #2489, .F. ) ;
#3289 = ORIENTED_EDGE ( 'NONE', *, *, #3078, .T. ) ;
#3290 = CONTEXT_DEPENDENT_SHAPE_REPRESENTATION ( #1508, #502 ) ;
#3291 = ORIENTED_EDGE ( 'NONE', *, *, #566, .F. ) ;
#3292 = VECTOR ( 'NONE', #1846, 1000.000000000000000 ) ;
#3293 = CARTESIAN_POINT ( 'NONE',  ( 3.000000000000000444, 4.500000000000000000, 0.1999999999999984568 ) ) ;
#3294 = EDGE_CURVE ( 'NONE', #2082, #3382, #392, .T. ) ;
#3295 = CARTESIAN_POINT ( 'NONE',  ( 1.500000000000000000, -1.375000000000000000, -0.05000000000000000278 ) ) ;
#3296 = VECTOR ( 'NONE', #651, 1000.000000000000000 ) ;
#3297 = CARTESIAN_POINT ( 'NONE',  ( 2.400000000000000355, 0.1499999999999999944, -1.750000000000000000 ) ) ;
#3298 = CARTESIAN_POINT ( 'NONE',  ( 6.599999999999999645, 0.1500000000000002165, -1.750000000000000000 ) ) ;
#3299 = EDGE_CURVE ( 'NONE', #2016, #3053, #2245, .T. ) ;
#3300 = AXIS2_PLACEMENT_3D ( 'NONE', #2891, #2595, #121 ) ;
#3301 = FACE_OUTER_BOUND ( 'NONE', #3564, .T. ) ;
#3302 = DIRECTION ( 'NONE',  ( 0.000000000000000000, -1.000000000000000000, -1.232047923278981706E-16 ) ) ;
#3303 = CARTESIAN_POINT ( 'NONE',  ( -2.999999999999999556, 4.500000000000000000, 1.750000000000000000 ) ) ;
#3304 = ORIENTED_EDGE ( 'NONE', *, *, #3453, .F. ) ;
#3305 = VERTEX_POINT ( 'NONE', #1174 ) ;
#3306 = VECTOR ( 'NONE', #1084, 1000.000000000000000 ) ;
#3307 = CIRCLE ( 'NONE', #1991, 0.2500000000000000000 ) ;
#3308 = DIRECTION ( 'NONE',  ( 0.000000000000000000, 0.000000000000000000, -1.000000000000000000 ) ) ;
#3309 = LINE ( 'NONE', #270, #2294 ) ;
#3310 = CARTESIAN_POINT ( 'NONE',  ( -2.999999999999999556, 0.7500000000000000000, -1.750000000000000000 ) ) ;
#3311 = CIRCLE ( 'NONE', #1706, 0.2499999999999999445 ) ;
#3312 = LINE ( 'NONE', #235, #1006 ) ;
#3313 = AXIS2_PLACEMENT_3D ( 'NONE', #751, #2107, #172 ) ;
#3314 = ORIENTED_EDGE ( 'NONE', *, *, #1049, .T. ) ;
#3315 = PRODUCT ( 'B7B-ZR (LF)(SN)', 'B7B-ZR (LF)(SN)', '', ( #2211 ) ) ;
#3316 = DIRECTION ( 'NONE',  ( 0.000000000000000000, 0.000000000000000000, 1.000000000000000000 ) ) ;
#3317 = AXIS2_PLACEMENT_3D ( 'NONE', #2501, #2796, #3050 ) ;
#3318 = CARTESIAN_POINT ( 'NONE',  ( 0.9000000000000002442, 0.1499999999999999944, -1.750000000000000000 ) ) ;
#3319 = COLOUR_RGB ( '',0.7960784313725489669, 0.8235294117647058432, 0.9372549019607843146 ) ;
#3320 = LINE ( 'NONE', #3027, #2696 ) ;
#3321 = ORIENTED_EDGE ( 'NONE', *, *, #1000, .F. ) ;
#3322 = EDGE_CURVE ( 'NONE', #2842, #116, #2276, .T. ) ;
#3323 = DIRECTION ( 'NONE',  ( 0.000000000000000000, 0.000000000000000000, 1.000000000000000000 ) ) ;
#3324 = CARTESIAN_POINT ( 'NONE',  ( 7.500000000000000888, 1.399999999999999911, -0.4500000000000001221 ) ) ;
#3325 = ORIENTED_EDGE ( 'NONE', *, *, #325, .T. ) ;
#3326 = EDGE_CURVE ( 'NONE', #1422, #271, #895, .T. ) ;
#3327 = ADVANCED_FACE ( 'NONE', ( #1721 ), #2186, .T. ) ;
#3328 = CYLINDRICAL_SURFACE ( 'NONE', #2689, 0.3999999999999998002 ) ;
#3329 = CARTESIAN_POINT ( 'NONE',  ( 7.500000000000000888, 0.000000000000000000, -0.4500000000000001221 ) ) ;
#3330 = EDGE_LOOP ( 'NONE', ( #1031, #2133, #2094, #1417 ) ) ;
#3331 = LINE ( 'NONE', #573, #1298 ) ;
#3332 = ORIENTED_EDGE ( 'NONE', *, *, #28, .T. ) ;
#3333 = ITEM_DEFINED_TRANSFORMATION ( 'NONE', 'NONE', #688,  #913 ) ;
#3334 = DIRECTION ( 'NONE',  ( 0.000000000000000000, -1.000000000000000000, -3.614007241618347785E-16 ) ) ;
#3335 = DIRECTION ( 'NONE',  ( 0.000000000000000000, 0.000000000000000000, -1.000000000000000000 ) ) ;
#3336 = CARTESIAN_POINT ( 'NONE',  ( -1.499999999999999556, 0.000000000000000000, -0.2000000000000001499 ) ) ;
#3337 = PLANE ( 'NONE',  #3536 ) ;
#3338 = ORIENTED_EDGE ( 'NONE', *, *, #2159, .T. ) ;
#3339 = DIRECTION ( 'NONE',  ( -0.000000000000000000, -0.000000000000000000, 1.000000000000000000 ) ) ;
#3340 = DIRECTION ( 'NONE',  ( -0.000000000000000000, -1.000000000000000000, -0.000000000000000000 ) ) ;
#3341 = VERTEX_POINT ( 'NONE', #112 ) ;
#3342 = VERTEX_POINT ( 'NONE', #2550 ) ;
#3343 = ADVANCED_FACE ( 'NONE', ( #1224 ), #71, .F. ) ;
#3344 = EDGE_CURVE ( 'NONE', #1765, #1984, #3427, .T. ) ;
#3345 = CARTESIAN_POINT ( 'NONE',  ( 9.000000000000001776, 3.125000000000000444, 0.3749999999999922839 ) ) ;
#3346 = PLANE ( 'NONE',  #3236 ) ;
#3347 = VERTEX_POINT ( 'NONE', #373 ) ;
#3348 = EDGE_LOOP ( 'NONE', ( #1998, #3552, #2597, #1384 ) ) ;
#3349 = EDGE_CURVE ( 'NONE', #246, #1530, #2468, .T. ) ;
#3350 = CARTESIAN_POINT ( 'NONE',  ( -1.799999999999998934, 2.700000000000000178, -1.349999999999999867 ) ) ;
#3351 = PRODUCT_CONTEXT ( 'NONE', #2235, 'mechanical' ) ;
#3352 = LINE ( 'NONE', #1431, #2445 ) ;
#3353 = DIRECTION ( 'NONE',  ( 0.000000000000000000, -1.000000000000000000, -2.602085213965214980E-15 ) ) ;
#3354 = LINE ( 'NONE', #1914, #1433 ) ;
#3355 = DIRECTION ( 'NONE',  ( 0.000000000000000000, 0.000000000000000000, -1.000000000000000000 ) ) ;
#3356 = VECTOR ( 'NONE', #1959, 1000.000000000000000 ) ;
#3357 = LINE ( 'NONE', #1889, #795 ) ;
#3358 = LINE ( 'NONE', #3281, #1881 ) ;
#3359 = EDGE_LOOP ( 'NONE', ( #1875, #1371, #3042, #3142 ) ) ;
#3360 = ORIENTED_EDGE ( 'NONE', *, *, #925, .T. ) ;
#3361 = VECTOR ( 'NONE', #1743, 1000.000000000000000 ) ;
#3362 = FACE_OUTER_BOUND ( 'NONE', #2288, .T. ) ;
#3363 = VERTEX_POINT ( 'NONE', #1589 ) ;
#3364 =( REPRESENTATION_RELATIONSHIP ('NONE','NONE', #2387, #2143 ) REPRESENTATION_RELATIONSHIP_WITH_TRANSFORMATION ( #219 )SHAPE_REPRESENTATION_RELATIONSHIP( ) );
#3365 = EDGE_CURVE ( 'NONE', #2538, #1639, #2372, .T. ) ;
#3366 = CARTESIAN_POINT ( 'NONE',  ( -2.999999999999998668, 0.1499999999999990785, 1.750000000000000000 ) ) ;
#3367 =( NAMED_UNIT ( * ) SI_UNIT ( $, .STERADIAN. ) SOLID_ANGLE_UNIT ( ) );
#3368 = VERTEX_POINT ( 'NONE', #1804 ) ;
#3369 = ORIENTED_EDGE ( 'NONE', *, *, #2359, .F. ) ;
#3370 = DIRECTION ( 'NONE',  ( 1.807003620809174878E-16, -1.000000000000000000, -0.000000000000000000 ) ) ;
#3371 = ADVANCED_FACE ( 'NONE', ( #2967 ), #1842, .T. ) ;
#3372 = LINE ( 'NONE', #1070, #374 ) ;
#3373 = VECTOR ( 'NONE', #2857, 1000.000000000000000 ) ;
#3374 = LINE ( 'NONE', #1954, #3485 ) ;
#3375 = DIRECTION ( 'NONE',  ( -0.000000000000000000, -0.000000000000000000, 1.000000000000000000 ) ) ;
#3376 = EDGE_CURVE ( 'NONE', #2912, #2488, #2305, .T. ) ;
#3377 = AXIS2_PLACEMENT_3D ( 'NONE', #2052, #2014, #1496 ) ;
#3378 = ORIENTED_EDGE ( 'NONE', *, *, #2204, .F. ) ;
#3379 = LINE ( 'NONE', #2745, #1003 ) ;
#3380 = CARTESIAN_POINT ( 'NONE',  ( -1.499999999999999556, 0.000000000000000000, 1.750000000000000000 ) ) ;
#3381 = ORIENTED_EDGE ( 'NONE', *, *, #3172, .T. ) ;
#3382 = VERTEX_POINT ( 'NONE', #3507 ) ;
#3383 = ORIENTED_EDGE ( 'NONE', *, *, #2778, .F. ) ;
#3384 = CARTESIAN_POINT ( 'NONE',  ( -2.999999999999999556, 4.299999999999999822, -0.7999999999999994893 ) ) ;
#3385 = ORIENTED_EDGE ( 'NONE', *, *, #1564, .T. ) ;
#3386 = LINE ( 'NONE', #1981, #2504 ) ;
#3387 = DIRECTION ( 'NONE',  ( 0.000000000000000000, -1.000000000000000000, -1.807003620809173892E-16 ) ) ;
#3388 = EDGE_CURVE ( 'NONE', #1190, #1188, #2766, .T. ) ;
#3389 = LINE ( 'NONE', #36, #3426 ) ;
#3390 = EDGE_CURVE ( 'NONE', #3053, #1404, #2087, .T. ) ;
#3391 = DIRECTION ( 'NONE',  ( 0.000000000000000000, 1.000000000000000000, 0.000000000000000000 ) ) ;
#3392 = SURFACE_SIDE_STYLE ('',( #1176 ) ) ;
#3393 = ORIENTED_EDGE ( 'NONE', *, *, #3145, .T. ) ;
#3394 = VERTEX_POINT ( 'NONE', #470 ) ;
#3395 = DIRECTION ( 'NONE',  ( 0.000000000000000000, 8.673617379884035472E-16, -1.000000000000000000 ) ) ;
#3396 = ORIENTED_EDGE ( 'NONE', *, *, #3294, .T. ) ;
#3397 = CARTESIAN_POINT ( 'NONE',  ( 3.600000000000000089, 2.204364238465235083E-16, 1.750000000000000000 ) ) ;
#3398 = CARTESIAN_POINT ( 'NONE',  ( -2.999999999999999556, 4.299999999999999822, 0.000000000000000000 ) ) ;
#3399 = CARTESIAN_POINT ( 'NONE',  ( -1.799999999999999156, 1.099999999999999645, -1.350000000000000089 ) ) ;
#3400 = ORIENTED_EDGE ( 'NONE', *, *, #815, .F. ) ;
#3401 = ORIENTED_EDGE ( 'NONE', *, *, #332, .T. ) ;
#3402 = FACE_OUTER_BOUND ( 'NONE', #3586, .T. ) ;
#3403 = CARTESIAN_POINT ( 'NONE',  ( 0.000000000000000000, 0.000000000000000000, 0.000000000000000000 ) ) ;
#3404 = DIRECTION ( 'NONE',  ( 0.000000000000000000, 0.000000000000000000, -1.000000000000000000 ) ) ;
#3405 = ORIENTED_EDGE ( 'NONE', *, *, #1526, .F. ) ;
#3406 = EDGE_CURVE ( 'NONE', #2329, #478, #965, .T. ) ;
#3407 = CARTESIAN_POINT ( 'NONE',  ( 8.500000000000000000, 3.100000000000000089, -0.7999999999999999334 ) ) ;
#3408 = VECTOR ( 'NONE', #779, 1000.000000000000000 ) ;
#3409 = SURFACE_STYLE_USAGE ( .BOTH. , #3392 ) ;
#3410 = ORIENTED_EDGE ( 'NONE', *, *, #2185, .T. ) ;
#3411 = ORIENTED_EDGE ( 'NONE', *, *, #230, .F. ) ;
#3412 = ORIENTED_EDGE ( 'NONE', *, *, #2850, .T. ) ;
#3413 = EDGE_CURVE ( 'NONE', #170, #2365, #1944, .T. ) ;
#3414 = PRESENTATION_LAYER_ASSIGNMENT (  '', '', ( #1351 ) ) ;
#3415 = ADVANCED_FACE ( 'NONE', ( #3198 ), #695, .T. ) ;
#3416 = DIRECTION ( 'NONE',  ( -0.000000000000000000, -0.000000000000000000, 1.000000000000000000 ) ) ;
#3417 = VECTOR ( 'NONE', #133, 1000.000000000000000 ) ;
#3418 = DIRECTION ( 'NONE',  ( 0.000000000000000000, -0.2946324443755307110, -0.9556106543573590351 ) ) ;
#3419 = CARTESIAN_POINT ( 'NONE',  ( 1.500000000000000444, 0.1500000000000001055, -0.7000000000000000666 ) ) ;
#3420 = EDGE_LOOP ( 'NONE', ( #2552, #2244, #3158, #739 ) ) ;
#3421 = AXIS2_PLACEMENT_3D ( 'NONE', #2539, #2845, #59 ) ;
#3422 = FACE_OUTER_BOUND ( 'NONE', #2017, .T. ) ;
#3423 = VECTOR ( 'NONE', #2109, 1000.000000000000000 ) ;
#3424 =( LENGTH_UNIT ( ) NAMED_UNIT ( * ) SI_UNIT ( .MILLI., .METRE. ) );
#3425 = DIRECTION ( 'NONE',  ( 0.000000000000000000, 1.000000000000000000, 1.084202172485504040E-15 ) ) ;
#3426 = VECTOR ( 'NONE', #2815, 1000.000000000000000 ) ;
#3427 = LINE ( 'NONE', #915, #3541 ) ;
#3428 = DIRECTION ( 'NONE',  ( 0.000000000000000000, -0.000000000000000000, -1.000000000000000000 ) ) ;
#3429 = EDGE_CURVE ( 'NONE', #3368, #2262, #680, .T. ) ;
#3430 = DIRECTION ( 'NONE',  ( 0.000000000000000000, 1.000000000000000000, 3.614007241618347785E-16 ) ) ;
#3431 = VERTEX_POINT ( 'NONE', #2667 ) ;
#3432 = VERTEX_POINT ( 'NONE', #763 ) ;
#3433 = ORIENTED_EDGE ( 'NONE', *, *, #2609, .T. ) ;
#3434 = EDGE_CURVE ( 'NONE', #3251, #3555, #1594, .T. ) ;
#3435 = DIRECTION ( 'NONE',  ( -0.000000000000000000, 1.000000000000000000, -0.000000000000000000 ) ) ;
#3436 = EDGE_LOOP ( 'NONE', ( #2833, #2116, #1419, #1399 ) ) ;
#3437 = FACE_OUTER_BOUND ( 'NONE', #2718, .T. ) ;
#3438 = DIRECTION ( 'NONE',  ( 0.000000000000000000, 1.000000000000000000, 0.000000000000000000 ) ) ;
#3439 = ORIENTED_EDGE ( 'NONE', *, *, #3172, .F. ) ;
#3440 = DIRECTION ( 'NONE',  ( 1.000000000000000000, 0.000000000000000000, 0.000000000000000000 ) ) ;
#3441 = PRESENTATION_STYLE_ASSIGNMENT (( #66 ) ) ;
#3442 = DIRECTION ( 'NONE',  ( -0.000000000000000000, -0.000000000000000000, 1.000000000000000000 ) ) ;
#3443 = EDGE_LOOP ( 'NONE', ( #2165, #2456, #3114, #1041 ) ) ;
#3444 = DIRECTION ( 'NONE',  ( 0.000000000000000000, 0.000000000000000000, 1.000000000000000000 ) ) ;
#3445 = CARTESIAN_POINT ( 'NONE',  ( 1.500000000000000000, 3.799999999999999822, -0.4500000000000000111 ) ) ;
#3446 = CARTESIAN_POINT ( 'NONE',  ( 4.336808689942017736E-16, 0.000000000000000000, -0.2000000000000001499 ) ) ;
#3447 = ORIENTED_EDGE ( 'NONE', *, *, #2509, .F. ) ;
#3448 = CARTESIAN_POINT ( 'NONE',  ( 1.500000000000000000, -1.375000000000000000, -0.8000000000000000444 ) ) ;
#3449 = EDGE_CURVE ( 'NONE', #1530, #246, #3189, .T. ) ;
#3450 = DIRECTION ( 'NONE',  ( 0.000000000000000000, -0.9556106543573592571, -0.2946324443755295452 ) ) ;
#3451 = ORIENTED_EDGE ( 'NONE', *, *, #230, .T. ) ;
#3452 = ORIENTED_EDGE ( 'NONE', *, *, #1644, .T. ) ;
#3453 = EDGE_CURVE ( 'NONE', #2581, #2280, #1017, .T. ) ;
#3454 = CARTESIAN_POINT ( 'NONE',  ( 2.100000000000000089, 2.204364238465235083E-16, 1.750000000000000000 ) ) ;
#3455 = FACE_OUTER_BOUND ( 'NONE', #414, .T. ) ;
#3456 = DIRECTION ( 'NONE',  ( -0.000000000000000000, -0.7071067811865489050, 0.7071067811865462405 ) ) ;
#3457 = LINE ( 'NONE', #709, #1703 ) ;
#3458 = CIRCLE ( 'NONE', #2744, 0.3999999999999998002 ) ;
#3459 = FACE_OUTER_BOUND ( 'NONE', #2910, .T. ) ;
#3460 = EDGE_LOOP ( 'NONE', ( #3288, #2844, #335, #2075 ) ) ;
#3461 = TOROIDAL_SURFACE ( 'NONE', #2746, 0.5000000000000000000, 0.2500000000000000000 ) ;
#3462 = CARTESIAN_POINT ( 'NONE',  ( 1.500000000000000000, 3.600000000000000089, -0.2000000000000000111 ) ) ;
#3463 = VECTOR ( 'NONE', #2662, 1000.000000000000000 ) ;
#3464 = LINE ( 'NONE', #3134, #431 ) ;
#3465 = EDGE_CURVE ( 'NONE', #834, #1963, #148, .T. ) ;
#3466 = EDGE_LOOP ( 'NONE', ( #352, #136, #552, #53 ) ) ;
#3467 = ORIENTED_EDGE ( 'NONE', *, *, #2798, .T. ) ;
#3468 = VECTOR ( 'NONE', #1068, 1000.000000000000000 ) ;
#3469 = DIRECTION ( 'NONE',  ( 1.000000000000000000, 0.000000000000000000, 0.000000000000000000 ) ) ;
#3470 = VERTEX_POINT ( 'NONE', #747 ) ;
#3471 = EDGE_CURVE ( 'NONE', #1879, #2727, #2647, .T. ) ;
#3472 = CIRCLE ( 'NONE', #1930, 0.2500000000000000000 ) ;
#3473 = CARTESIAN_POINT ( 'NONE',  ( 6.000000000000000000, 1.399999999999999911, -0.7000000000000000666 ) ) ;
#3474 = FACE_BOUND ( 'NONE', #3072, .T. ) ;
#3475 = AXIS2_PLACEMENT_3D ( 'NONE', #1457, #3128, #117 ) ;
#3476 = DIRECTION ( 'NONE',  ( 0.000000000000000000, -1.000000000000000000, 0.000000000000000000 ) ) ;
#3477 = CARTESIAN_POINT ( 'NONE',  ( -2.999999999999999556, 0.7500000000000000000, -1.550000000000000044 ) ) ;
#3478 = AXIS2_PLACEMENT_3D ( 'NONE', #1498, #2605, #2074 ) ;
#3479 = AXIS2_PLACEMENT_3D ( 'NONE', #1037, #2995, #1295 ) ;
#3480 = DIRECTION ( 'NONE',  ( 0.000000000000000000, -0.7071067811865496822, -0.7071067811865454633 ) ) ;
#3481 = ORIENTED_EDGE ( 'NONE', *, *, #2359, .T. ) ;
#3482 = AXIS2_PLACEMENT_3D ( 'NONE', #1667, #2779, #867 ) ;
#3483 = CARTESIAN_POINT ( 'NONE',  ( 3.000000000000000444, 3.100000000000000089, -0.7999999999999999334 ) ) ;
#3484 = LINE ( 'NONE', #2096, #3056 ) ;
#3485 = VECTOR ( 'NONE', #820, 1000.000000000000000 ) ;
#3486 = CARTESIAN_POINT ( 'NONE',  ( 1.500000000000000000, 3.799999999999999822, -0.4500000000000000111 ) ) ;
#3487 = VERTEX_POINT ( 'NONE', #1275 ) ;
#3488 = ORIENTED_EDGE ( 'NONE', *, *, #2525, .F. ) ;
#3489 = ORIENTED_EDGE ( 'NONE', *, *, #2374, .F. ) ;
#3490 = CARTESIAN_POINT ( 'NONE',  ( 9.000000000000001776, 1.100000000000000311, -1.750000000000000000 ) ) ;
#3491 = FACE_BOUND ( 'NONE', #451, .T. ) ;
#3492 = EDGE_CURVE ( 'NONE', #1549, #759, #1553, .T. ) ;
#3493 = DIRECTION ( 'NONE',  ( 0.000000000000000000, 0.000000000000000000, 1.000000000000000000 ) ) ;
#3494 = DIRECTION ( 'NONE',  ( 1.807003620809174878E-16, -1.000000000000000000, -0.000000000000000000 ) ) ;
#3495 = EDGE_CURVE ( 'NONE', #2912, #3251, #2126, .T. ) ;
#3496 = LINE ( 'NONE', #1280, #963 ) ;
#3497 = PLANE ( 'NONE',  #2301 ) ;
#3498 = LINE ( 'NONE', #1560, #2872 ) ;
#3499 = ORIENTED_EDGE ( 'NONE', *, *, #3574, .F. ) ;
#3500 = ORIENTED_EDGE ( 'NONE', *, *, #2007, .T. ) ;
#3501 = ORIENTED_EDGE ( 'NONE', *, *, #985, .F. ) ;
#3502 = DIRECTION ( 'NONE',  ( 1.000000000000000000, 0.000000000000000000, 0.000000000000000000 ) ) ;
#3503 = VERTEX_POINT ( 'NONE', #239 ) ;
#3504 = FACE_OUTER_BOUND ( 'NONE', #1090, .T. ) ;
#3505 = ORIENTED_EDGE ( 'NONE', *, *, #2592, .F. ) ;
#3506 = DIRECTION ( 'NONE',  ( 0.000000000000000000, -0.2946324443755307110, -0.9556106543573590351 ) ) ;
#3507 = CARTESIAN_POINT ( 'NONE',  ( -2.999999999999999556, 0.000000000000000000, -1.750000000000000000 ) ) ;
#3508 = DIRECTION ( 'NONE',  ( -1.000000000000000000, 0.000000000000000000, -0.000000000000000000 ) ) ;
#3509 = EDGE_LOOP ( 'NONE', ( #2608, #2770, #2153, #2734 ) ) ;
#3510 = EDGE_CURVE ( 'NONE', #2079, #2755, #2410, .T. ) ;
#3511 = DIRECTION ( 'NONE',  ( -0.000000000000000000, 1.000000000000000000, -0.000000000000000000 ) ) ;
#3512 = ORIENTED_EDGE ( 'NONE', *, *, #1398, .T. ) ;
#3513 = DIRECTION ( 'NONE',  ( 1.807003620809174878E-16, -1.000000000000000000, -0.000000000000000000 ) ) ;
#3514 = VERTEX_POINT ( 'NONE', #2232 ) ;
#3515 = EDGE_CURVE ( 'NONE', #1681, #726, #861, .T. ) ;
#3516 = CARTESIAN_POINT ( 'NONE',  ( 5.400000000000000355, 0.1499999999999999944, 1.750000000000000000 ) ) ;
#3517 = DIRECTION ( 'NONE',  ( 0.000000000000000000, 1.232047923278981706E-16, -1.000000000000000000 ) ) ;
#3518 = ORIENTED_EDGE ( 'NONE', *, *, #2424, .F. ) ;
#3519 = ADVANCED_FACE ( 'NONE', ( #3600 ), #2764, .F. ) ;
#3520 = TOROIDAL_SURFACE ( 'NONE', #420, 0.05000000000000000278, 0.2000000000000000111 ) ;
#3521 = ORIENTED_EDGE ( 'NONE', *, *, #237, .T. ) ;
#3522 = AXIS2_PLACEMENT_3D ( 'NONE', #1506, #1751, #1548 ) ;
#3523 = DIRECTION ( 'NONE',  ( 0.000000000000000000, 1.000000000000000000, 3.614007241618347785E-16 ) ) ;
#3524 = ORIENTED_EDGE ( 'NONE', *, *, #859, .T. ) ;
#3525 = AXIS2_PLACEMENT_3D ( 'NONE', #2675, #484, #1623 ) ;
#3526 = DIRECTION ( 'NONE',  ( 0.000000000000000000, -1.807003620809173892E-16, 1.000000000000000000 ) ) ;
#3527 = VECTOR ( 'NONE', #1330, 1000.000000000000000 ) ;
#3528 = CARTESIAN_POINT ( 'NONE',  ( 1.500000000000000000, -1.899999999999999911, -0.4500000000000000111 ) ) ;
#3529 = DIRECTION ( 'NONE',  ( -1.000000000000000000, -2.168404344971010840E-16, 0.000000000000000000 ) ) ;
#3530 = AXIS2_PLACEMENT_3D ( 'NONE', #475, #444, #1038 ) ;
#3531 = EDGE_CURVE ( 'NONE', #3070, #3368, #575, .T. ) ;
#3532 = DIRECTION ( 'NONE',  ( 0.000000000000000000, 1.000000000000000000, 0.000000000000000000 ) ) ;
#3533 = ORIENTED_EDGE ( 'NONE', *, *, #326, .F. ) ;
#3534 = PRESENTATION_LAYER_ASSIGNMENT (  '', '', ( #147 ) ) ;
#3535 = DIRECTION ( 'NONE',  ( -1.000000000000000000, -0.000000000000000000, -0.000000000000000000 ) ) ;
#3536 = AXIS2_PLACEMENT_3D ( 'NONE', #1649, #284, #2681 ) ;
#3537 = EDGE_CURVE ( 'NONE', #1850, #3264, #1715, .T. ) ;
#3538 = CYLINDRICAL_SURFACE ( 'NONE', #550, 0.2499999999999999445 ) ;
#3539 = PLANE ( 'NONE',  #268 ) ;
#3540 = EDGE_LOOP ( 'NONE', ( #3410, #1866, #2219, #849, #3401, #2614, #3100, #57, #3385, #899, #3524, #2242, #597, #3452, #2962, #3148, #2659, #2528, #1106, #1922, #3381, #1714, #947, #1977, #13, #2554, #2587, #2911, #2089, #1218, #1300, #1114 ) ) ;
#3541 = VECTOR ( 'NONE', #639, 1000.000000000000000 ) ;
#3542 = ORIENTED_EDGE ( 'NONE', *, *, #2141, .T. ) ;
#3543 = EDGE_CURVE ( 'NONE', #1720, #2365, #3126, .T. ) ;
#3544 = CARTESIAN_POINT ( 'NONE',  ( 0.000000000000000000, 0.000000000000000000, 0.000000000000000000 ) ) ;
#3545 = CARTESIAN_POINT ( 'NONE',  ( 3.000000000000000444, 1.399999999999999911, -0.2000000000000001499 ) ) ;
#3546 = VERTEX_POINT ( 'NONE', #840 ) ;
#3547 = CARTESIAN_POINT ( 'NONE',  ( 9.000000000000001776, 4.500000000000000000, 0.000000000000000000 ) ) ;
#3548 = CARTESIAN_POINT ( 'NONE',  ( -2.999999999999999556, 0.7500000000000000000, -1.550000000000000044 ) ) ;
#3549 = FACE_OUTER_BOUND ( 'NONE', #1613, .T. ) ;
#3550 = LINE ( 'NONE', #3187, #1349 ) ;
#3551 = CARTESIAN_POINT ( 'NONE',  ( -1.499999999999999556, 0.1500000000000001055, -0.2000000000000001499 ) ) ;
#3552 = ORIENTED_EDGE ( 'NONE', *, *, #1274, .T. ) ;
#3553 = LINE ( 'NONE', #2732, #3527 ) ;
#3554 = DIRECTION ( 'NONE',  ( 0.000000000000000000, -1.000000000000000000, 0.000000000000000000 ) ) ;
#3555 = VERTEX_POINT ( 'NONE', #2180 ) ;
#3556 = EDGE_CURVE ( 'NONE', #691, #18, #2470, .T. ) ;
#3557 = EDGE_CURVE ( 'NONE', #1028, #347, #1647, .T. ) ;
#3558 = CARTESIAN_POINT ( 'NONE',  ( 0.9000000000000002442, 0.000000000000000000, -1.750000000000000000 ) ) ;
#3559 = ORIENTED_EDGE ( 'NONE', *, *, #3582, .F. ) ;
#3560 = EDGE_CURVE ( 'NONE', #1046, #642, #3374, .T. ) ;
#3561 = CARTESIAN_POINT ( 'NONE',  ( 0.000000000000000000, 4.500000000000000000, 0.000000000000000000 ) ) ;
#3562 = DIRECTION ( 'NONE',  ( 0.000000000000000000, 0.000000000000000000, -1.000000000000000000 ) ) ;
#3563 = LINE ( 'NONE', #821, #673 ) ;
#3564 = EDGE_LOOP ( 'NONE', ( #1997, #5, #413, #1491 ) ) ;
#3565 = DIRECTION ( 'NONE',  ( 0.000000000000000000, -0.7071067811865496822, -0.7071067811865454633 ) ) ;
#3566 = LINE ( 'NONE', #1941, #728 ) ;
#3567 = ORIENTED_EDGE ( 'NONE', *, *, #1684, .T. ) ;
#3568 = VERTEX_POINT ( 'NONE', #1053 ) ;
#3569 = DIRECTION ( 'NONE',  ( 0.000000000000000000, -0.7071067811865497932, 0.7071067811865452413 ) ) ;
#3570 = CARTESIAN_POINT ( 'NONE',  ( 6.000000000000000000, 0.000000000000000000, 0.000000000000000000 ) ) ;
#3571 = ORIENTED_EDGE ( 'NONE', *, *, #3299, .T. ) ;
#3572 = FACE_OUTER_BOUND ( 'NONE', #2922, .T. ) ;
#3573 = CYLINDRICAL_SURFACE ( 'NONE', #2622, 0.2499999999999999445 ) ;
#3574 = EDGE_CURVE ( 'NONE', #894, #880, #2214, .T. ) ;
#3575 = TOROIDAL_SURFACE ( 'NONE', #2863, 0.5000000000000000000, 0.2500000000000000000 ) ;
#3576 = ORIENTED_EDGE ( 'NONE', *, *, #370, .F. ) ;
#3577 = AXIS2_PLACEMENT_3D ( 'NONE', #1255, #981, #2086 ) ;
#3578 = CYLINDRICAL_SURFACE ( 'NONE', #2330, 0.2500000000000000000 ) ;
#3579 = VECTOR ( 'NONE', #1407, 1000.000000000000000 ) ;
#3580 = CARTESIAN_POINT ( 'NONE',  ( 1.500000000000000000, -0.9000000000000000222, -0.4500000000000000111 ) ) ;
#3581 = VECTOR ( 'NONE', #84, 1000.000000000000000 ) ;
#3582 = EDGE_CURVE ( 'NONE', #3487, #1112, #3354, .T. ) ;
#3583 = DIRECTION ( 'NONE',  ( 0.000000000000000000, 0.2946324443755284905, -0.9556106543573597012 ) ) ;
#3584 = EDGE_LOOP ( 'NONE', ( #2417, #137, #382, #1507, #2936, #3090, #3243, #536 ) ) ;
#3585 = SURFACE_STYLE_USAGE ( .BOTH. , #2450 ) ;
#3586 = EDGE_LOOP ( 'NONE', ( #1345, #3282, #2315, #3283 ) ) ;
#3587 = CARTESIAN_POINT ( 'NONE',  ( 1.500000000000000000, 3.600000000000000089, -0.2000000000000000111 ) ) ;
#3588 = VECTOR ( 'NONE', #1725, 1000.000000000000000 ) ;
#3589 = COLOUR_RGB ( '',1.000000000000000000, 1.000000000000000000, 1.000000000000000000 ) ;
#3590 = PLANE ( 'NONE',  #2811 ) ;
#3591 = DIRECTION ( 'NONE',  ( 0.000000000000000000, 0.000000000000000000, -1.000000000000000000 ) ) ;
#3592 = EDGE_LOOP ( 'NONE', ( #1440, #812, #518, #599 ) ) ;
#3593 = ORIENTED_EDGE ( 'NONE', *, *, #2778, .T. ) ;
#3594 = VECTOR ( 'NONE', #2127, 1000.000000000000000 ) ;
#3595 = TOROIDAL_SURFACE ( 'NONE', #156, 0.05000000000000000278, 0.2000000000000000111 ) ;
#3596 = VERTEX_POINT ( 'NONE', #2741 ) ;
#3597 = DIRECTION ( 'NONE',  ( 0.000000000000000000, -1.000000000000000000, 0.000000000000000000 ) ) ;
#3598 = VECTOR ( 'NONE', #802, 1000.000000000000000 ) ;
#3599 = CARTESIAN_POINT ( 'NONE',  ( -2.100000000000000089, 0.1499999999999999944, -1.750000000000000000 ) ) ;
#3600 = FACE_OUTER_BOUND ( 'NONE', #3266, .T. ) ;
#3601 = AXIS2_PLACEMENT_3D ( 'NONE', #2048, #2367, #125 ) ;
#3602 = CARTESIAN_POINT ( 'NONE',  ( 8.099999999999999645, 0.000000000000000000, -1.750000000000000000 ) ) ;
#3603 = ADVANCED_FACE ( 'NONE', ( #3046 ), #863, .T. ) ;
#3604 = EDGE_CURVE ( 'NONE', #872, #1897, #2723, .T. ) ;
#3605 = LINE ( 'NONE', #1939, #1087 ) ;
#3606 =( NAMED_UNIT ( * ) SI_UNIT ( $, .STERADIAN. ) SOLID_ANGLE_UNIT ( ) );
#3607 = VERTEX_POINT ( 'NONE', #2443 ) ;
#3608 = DIRECTION ( 'NONE',  ( 0.000000000000000000, 1.232047923278981706E-16, -1.000000000000000000 ) ) ;
#3609 = DIRECTION ( 'NONE',  ( 6.195440985631454331E-16, 1.000000000000000000, 0.000000000000000000 ) ) ;
#3610 = UNCERTAINTY_MEASURE_WITH_UNIT (LENGTH_MEASURE( 1.000000000000000082E-05 ), #3052, 'distance_accuracy_value', 'NONE');
#3611 = NEXT_ASSEMBLY_USAGE_OCCURRENCE ( 'NAUO1', ' ', ' ', #98, #594, $ ) ;
#3612 = NEXT_ASSEMBLY_USAGE_OCCURRENCE ( 'NAUO2', ' ', ' ', #98, #2203, $ ) ;
#3613 = NEXT_ASSEMBLY_USAGE_OCCURRENCE ( 'NAUO3', ' ', ' ', #98, #1748, $ ) ;
#3614 = NEXT_ASSEMBLY_USAGE_OCCURRENCE ( 'NAUO4', ' ', ' ', #98, #2203, $ ) ;
#3615 = NEXT_ASSEMBLY_USAGE_OCCURRENCE ( 'NAUO5', ' ', ' ', #98, #2203, $ ) ;
#3616 = NEXT_ASSEMBLY_USAGE_OCCURRENCE ( 'NAUO6', ' ', ' ', #98, #2203, $ ) ;
#3617 = NEXT_ASSEMBLY_USAGE_OCCURRENCE ( 'NAUO7', ' ', ' ', #98, #1748, $ ) ;
#3618 = NEXT_ASSEMBLY_USAGE_OCCURRENCE ( 'NAUO8', ' ', ' ', #98, #2203, $ ) ;
ENDSEC;
END-ISO-10303-21;
